TAT_ID|PRDCD|TOKO_IN
2942/TAT/HO/10/2020|20022418|T33Z,FOJ4,T1YU,TFD3,T4RV,T6R2,TN3I,TOFI,F74Q,TUQU,TCXG,TVV5,T00Z,FT33,TDM3,TQNR,T3S4,FYQT,TDR2,T6OQ,FN9F,F06I,FZ69,TECK,T2P6,T4DS,FDLP,F5G0,TDWO,FSX7,T0QW,TGT6,T1EO,TJ4I,TVD7,TKOU,TVZN,FZP9,T4TW,TLE6,TBY8,TZWN,FZW6,FPIS,FIVK,F0KQ,FNK9,FT31,TT8K,FUTY,T11Z,TUDM,F0HN,T121,TAF9,FQ26,TE2K,FZ97,T4LD,FGC0,FR0N,TFP2,FQFA,TND8,T4PY,FR30,TNUX,FRIO,TZI6,FLX3,TQ0M,FVV0,TNXK,F8T5,T7JF,TVVB,T6U0,TOLF,FQ3P,TRKK,TSB8,TSZT,TBZI,TU6I,TH7D,TJ1A,TRIF,F1G1,TXLL,T8MG,T07Z,FFGI,TYTQ,FX88,T8OA,TZ46,T5GB,TW5C,TXC6,FX89,TZKX,FYAM,T01Z,TV6F,TOVJ,FMZ9,TW8F,T8OU,T5PR,FN81,TK2X,TW90,T4A3,F2CC,FEES,TNK9,FFYK,TV0X,T00Y,TVC0,T2PA,TVWG,TMM5,T2KA,FXH1,T3M5,F2BZ,TZ63,TY3V,F3OT,F8PI,F1XB,TZ47,TA6I,T70Z,T5MN,TVE6,T85Z,TZMP,TH0K,TZU1,T9BT,F1UV,T92Z,FUBG,F3GN,TPEP,TBV3,FVV9,TID5,F6RC,TZ55,FX84,FGN4,TI42,TIIB,FZMX,T9D8,T3S6,TK4P,T7TJ,T2SK,TN85,TBWQ,T76Z,T36Z,TNAK,F0DA,F67X,F4TQ,TSXE,F67Z,F65S,F67N,TN10,F6VC,TFGT,F8GB,FSKR,FA0L,TNWK,TOU7,FSUU,FABU,F8DC,FAES,TZ35,TZL6,T7NS,F65Q,THQZ,FMMY,TKED,TMKK,TQF4,TO48,TG3F,TX4N,F5LH,TNKY,TPPT,TZMV,TOJS,TYVK,TSAU,F6EB,TTAV,FNQO,TPK2,TWIW,TZ11,T29Z,FBY4,TX5K,TQ6H,TYUM,T5ZM,TZ15,FY82,TZ38,TNX7,F11B,TY64,F9XD,TKJJ,TDFM,FQZ0,FYGW,F25Q,FCV1,TN5P,FHKP,TI8E,TKP8,FDGI,FJ6K,TKB4,TLY1,T8VX,FN66,FFM2,TAN0,FNOT,FC9Y,TSCS,TSMU,TB0R,FGIO,FMMM,FCHC,FGR8,TBMT,FOS4,TMKV,THZS,FZMM,FCY3,FGXK,F5ET,T27Z,T86Z,F9LX,TD9H,FRRI,TSN3,TAET,T7LJ,TTI2,TR3J,TAIJ,TLO2,TSKR,FQ8Y,T9R3,T62Z,TZR8,FC4W,T40Z,TI2E,TGJC,FUI6,FPL4,T43Z,TIEW,FITF,T102,FP0Y,T47Z,T15Z,TQY2,TV8D,T15P,FOWL,FDWP,TV9X,FSY0,FQIA,TUSF,FFIT,FUFO,T21Z,TWIE,FT5I,T2I7,FGHH,TM19,TWLH,THN4,T010,FO4G,THO9,T3YQ,T2RN,FLHX,FDMM,T0PQ,TWCO,TV6T,TCIZ,TUG6,T0PZ,TRUR,T32Z,T4VT,FMVY,T69Z,T52S,T5I8,FV1C,T6VS,FAF7,TZ12,TXGG,F7A5,TPGT,T6W4,FQWB,T10Z,FFLS,F9P5,FTRX,FG4Q,TSWR,FV4X,F1JT,FZEG,TAXI,FR51,T9MI,FIX8,FJAV,TWBS,FA8J,T04Z,TYWR,TZ66,TRBN,FR00,F9WL,T9KF,FFVH,F4XZ,TZ33,T3NL,T0Q1,TT2O,TZYF,FLTY,T5SG,TYL2,FQFO,TY8C,T3S1,FC4F,TZ5D,T77Z,T7ZB,T8BB,FEBZ,T9EY,T4R0,TXNH,FFDX,TRMB,TDY4,T6UA,F5P1,T90Z,FFJF,F4F2,TSJR,TEQQ,T0V5,FBFJ,T75Z,F6YE,F4L2,TGZS,F9P8,TZTW,TZ00,TY43,TZ78,TCTY,FQE7,TSZO,TFN8,FQ00,F4ZG,TL1W,TDNE,T0HP,FEDT,TZ89,FZOI,FG90,TOV5,FGAL,TRB3,FGDY,TPR3,FYZA,FJJ7,FJWI,THZH,TFU5,TOC2,T5UP,T8A0,FLCG,TOPX,T9DA,F0JB,T54Z,T0DC,TPCZ,TAZV,T17Z,TTWD,TB3W,FT52,TIQP,TBYQ,FW2Q,FATV,TDJX,FX96,FBJQ,TLQA,TFEB,FX99,FBQJ,TMZY
2942/TAT/HO/10/2020|20048641|T2P6,T4DS,FDLP,TDWO,FSX7,T0QW,TGT6,T1EO,TJ4I,TVD7,TKOU,TVZN,FZP9,T4TW,TLE6,TBY8,TZWN,FZW6,FIVK,F0KQ,FNK9,FT31,TT8K,FUTY,TUDM,F0HN,T121,TAF9,TNK9,FFYK,FQ26,TE2K,FZ97,TFD3,T4LD,FGC0,FR0N,TFP2,FQFA,TND8,T4PY,FR30,TNUX,TMM5,FRIO,TZI6,FLX3,FXH1,TQ0M,FVV0,TNXK,F8T5,T7JF,TVVB,T6U0,TOLF,FQ3P,TRKK,TA6I,TSB8,TSZT,TBZI,TU6I,TRIF,F1G1,TXLL,T8MG,T07Z,FFGI,TYTQ,FX88,T8OA,TZ46,T5GB,TW5C,TXC6,FX89,TZKX,FYAM,T01Z,TV6F,TOVJ,FMZ9,TW8F,T36Z,T8OU,TNAK,T5PR,FN81,TK2X,TW90,T4A3,F2CC,FEES,TV0X,T00Y,TVC0,T2PA,TN10,TVWG,T2KA,T3M5,F2BZ,TZ63,TY3V,F8DC,F3OT,F8PI,F1XB,TZ47,T70Z,T5MN,TVE6,T85Z,TZMP,TH0K,TZU1,T9BT,F1UV,T92Z,FUBG,F3GN,TPEP,TBV3,FVV9,TID5,F6RC,TG3F,F5LH,TZ55,FX84,FGN4,TI42,TIIB,FZMX,T9D8,T3S6,TK4P,T7TJ,T2SK,TN85,TBWQ,T76Z,TNX7,F0DA,F9XD,F67X,F4TQ,TSXE,F67Z,F65S,F67N,F6VC,TFGT,F8GB,FSKR,FA0L,TNWK,TOU7,FSUU,FABU,FAES,TZ35,TZL6,T7NS,F65Q,TMKV,THQZ,THZS,FMMY,TKED,TMKK,TQF4,TO48,TX4N,TNKY,TPPT,TZMV,TOJS,TR3J,TYVK,TSAU,F6EB,TTAV,FNQO,TLO2,TPK2,TWIW,TZ11,T29Z,FBY4,TX5K,TQ6H,TZR8,TYUM,T5ZM,TZ15,FY82,TZ38,F11B,TY64,TKJJ,TDFM,FQZ0,FYGW,F25Q,FCV1,TN5P,FHKP,TI8E,TKP8,FDGI,FJ6K,TKB4,TLY1,T8VX,FN66,FFM2,T2I7,TAN0,FNOT,FC9Y,TSCS,THO9,TSMU,TB0R,FGIO,FMMM,FCHC,FGR8,TBMT,FOS4,FZMM,FCY3,FGXK,F5ET,T27Z,T86Z,F9LX,TRUR,TD9H,FMVY,FRRI,TSN3,TAET,T7LJ,TTI2,TAIJ,TSKR,FQ8Y,TXGG,T9R3,T62Z,T10Z,FC4W,T40Z,TI2E,F9P5,TGJC,FUI6,FPL4,T43Z,TIEW,FITF,FV4X,T102,FP0Y,T47Z,TCIZ,T15Z,TQY2,TV8D,T15P,FOWL,FDWP,T9MI,TV9X,FSY0,FQIA,TUSF,FFIT,FUFO,T21Z,TWIE,FT5I,FGHH,TM19,TWLH,THN4,T010,FO4G,T3YQ,T2RN,TYWR,FLHX,FDMM,T0PQ,TZ66,TRBN,TWCO,TV6T,TUG6,T0PZ,T32Z,T4VT,T69Z,T52S,TZ5D,T5I8,FV1C,T6VS,FAF7,TZ12,F7A5,TPGT,T6W4,FQWB,FFLS,TSJR,T0V5,FTRX,FG4Q,TSWR,FR00,F1JT,FZEG,TY43,TZ78,TAXI,FQE7,FR51,FIX8,T0HP,FJAV,TWBS,FA8J,T04Z,TRB3,FYZA,FJJ7,F9WL,T9KF,FFVH,F4XZ,TZ33,T3NL,T0Q1,TT2O,TZYF,FLTY,T5SG,TYL2,FQFO,TY8C,T3S1,F0JB,FC4F,T77Z,T7ZB,T8BB,FEBZ,T9EY,T4R0,TXNH,FFDX,TRMB,TDY4,T6UA,F5P1,T90Z,FFJF,F4F2,TEQQ,FBFJ,T75Z,F6YE,F4L2,TGZS,F9P8,TZTW,TZ00,T33Z,TCTY,TSZO,TFN8,FQ00,F4ZG,TL1W,TDNE,FEDT,TZ89,FZOI,FG90,F74Q,TOV5,FGAL,FGDY,TPR3,FJWI,TMZY,THZH,TFU5,F5G0,TOC2,T5UP,T8A0,FLCG,TOPX,T9DA,T54Z,T0DC,TPCZ,TAZV,T17Z,FPIS,TTWD,TB3W,FT52,TIQP,TBYQ,FW2Q,FATV,TDJX,T11Z,FX96,FBJQ,TLQA,TFEB,FX99,FBQJ,FOJ4,T1YU,T4RV,T6R2,TN3I,TOFI,TUQU,TCXG,TVV5,T00Z,FT33,TDM3,TQNR,T3S4,FYQT,TDR2,T6OQ,FN9F,TH7D,F06I,TJ1A,FZ69,TECK
2942/TAT/HO/10/2020|20048642|TAF9,TNK9,FFYK,FQ26,TE2K,FZ97,TFD3,T4LD,FGC0,FR0N,TFP2,FQFA,TND8,T4PY,FR30,TNUX,TMM5,FRIO,TZI6,FLX3,FXH1,TQ0M,FVV0,TNXK,F8T5,T7JF,TVVB,T6U0,TOLF,FQ3P,TRKK,TA6I,TSB8,TSZT,TBZI,TU6I,TRIF,F1G1,TXLL,T8MG,T07Z,FFGI,TYTQ,FX88,T8OA,TZ46,T5GB,TW5C,TXC6,FX89,TZKX,FYAM,T01Z,TV6F,TOVJ,FMZ9,TW8F,T36Z,T8OU,TNAK,T5PR,FN81,TK2X,TW90,T4A3,F2CC,FEES,TV0X,T00Y,TVC0,T2PA,TN10,TVWG,T2KA,T3M5,F2BZ,TZ63,TY3V,F8DC,F3OT,F8PI,F1XB,TZ47,T70Z,T5MN,TVE6,T85Z,TZMP,TH0K,TZU1,T9BT,F1UV,T92Z,FUBG,F3GN,TPEP,TBV3,FVV9,TID5,F6RC,TG3F,F5LH,TZ55,FX84,FGN4,TI42,TIIB,FZMX,T3S6,TK4P,T7TJ,T2SK,TN85,TBWQ,T76Z,TNX7,F0DA,F9XD,F67X,F4TQ,TSXE,F67Z,F65S,F67N,F6VC,TFGT,F8GB,FSKR,FA0L,TNWK,TOU7,FSUU,FABU,FAES,TZ35,T17Z,TZL6,T7NS,F65Q,TMKV,THQZ,THZS,FMMY,TKED,TMKK,TQF4,TO48,TX4N,TNKY,TPPT,TZMV,TOJS,TR3J,TYVK,TSAU,F6EB,TTAV,FNQO,TLO2,TPK2,TWIW,TZ11,T29Z,FBY4,TX5K,TQ6H,TZR8,TYUM,T5ZM,TZ15,FY82,TZ38,F11B,TY64,TKJJ,TDFM,FQZ0,FYGW,F25Q,FCV1,TN5P,FHKP,TI8E,TKP8,FDGI,FJ6K,TKB4,TLY1,T8VX,FN66,FFM2,T2I7,TAN0,FNOT,FC9Y,TSCS,THO9,TSMU,TB0R,FGIO,FMMM,FCHC,FGR8,TBMT,FOS4,FZMM,FCY3,FGXK,F5ET,T27Z,T86Z,F9LX,TRUR,TD9H,FMVY,FRRI,TSN3,TAET,T7LJ,TTI2,TAIJ,TSKR,FQ8Y,TXGG,T9R3,T62Z,T10Z,FC4W,T40Z,TI2E,F9P5,TGJC,FUI6,FPL4,T43Z,TIEW,FITF,FV4X,T102,FP0Y,T47Z,TCIZ,T15Z,TQY2,TV8D,T15P,FOWL,FDWP,T9MI,TV9X,FSY0,FQIA,TUSF,FFIT,FUFO,T21Z,TWIE,FT5I,FGHH,TM19,TWLH,THN4,T010,FO4G,T3YQ,T2RN,TYWR,FLHX,FDMM,T0PQ,TZ66,TRBN,TWCO,TV6T,TUG6,T0PZ,T32Z,T4VT,T69Z,T52S,TZ5D,T5I8,FV1C,T6VS,FAF7,TZ12,F7A5,TPGT,T6W4,FQWB,FFLS,TSJR,T0V5,FTRX,FG4Q,TSWR,FR00,F1JT,FZEG,TY43,TZ78,TAXI,FQE7,FR51,FIX8,T0HP,FJAV,TWBS,FA8J,T04Z,TRB3,FYZA,FJJ7,F9WL,T9KF,FFVH,F4XZ,TZ33,T3NL,T0Q1,TT2O,TZYF,FLTY,T5SG,TYL2,FQFO,TY8C,T3S1,F0JB,FC4F,T77Z,T7ZB,T8BB,FEBZ,T9EY,T4R0,TXNH,FFDX,TRMB,TDY4,T6UA,F5P1,T90Z,FFJF,F4F2,TEQQ,FBFJ,T75Z,F6YE,F4L2,TGZS,F9P8,TZTW,TZ00,T33Z,TCTY,TSZO,TFN8,FQ00,F4ZG,TL1W,TDNE,FEDT,TZ89,FZOI,FG90,F74Q,TOV5,FGAL,FGDY,TPR3,FJWI,TMZY,THZH,TFU5,F5G0,TOC2,T5UP,T8A0,FLCG,TOPX,T9DA,T54Z,T0DC,TPCZ,TAZV,FPIS,TTWD,TB3W,FT52,TIQP,TBYQ,FW2Q,FATV,TDJX,T11Z,FX96,FBJQ,TLQA,TFEB,FX99,FBQJ,FOJ4,T1YU,T9D8,T4RV,T6R2,TN3I,TOFI,TUQU,TCXG,TVV5,T00Z,FT33,TDM3,TQNR,T3S4,FYQT,TDR2,T6OQ,FN9F,TH7D,F06I,TJ1A,FZ69,TECK,T2P6,T4DS,FDLP,TDWO,FSX7,T0QW,TGT6,T1EO,TJ4I,TVD7,TKOU,TVZN,FZP9,T4TW,TLE6,TBY8,TZWN,FZW6,FIVK,F0KQ,FNK9,FT31,TT8K,FUTY,TUDM,F0HN,T121
2942/TAT/HO/10/2020|20048643|TRIF,F1G1,TXLL,T8MG,T07Z,FFGI,TYTQ,FX88,T8OA,TZ46,T5GB,TW5C,TXC6,FX89,TZKX,FYAM,T01Z,TV6F,TOVJ,FMZ9,TW8F,T36Z,T8OU,TNAK,T5PR,FN81,TK2X,TW90,T4A3,F2CC,FEES,TV0X,T00Y,TVC0,T2PA,TN10,TVWG,T2KA,T3M5,F2BZ,TZ63,TY3V,F8DC,F3OT,F8PI,F1XB,TZ47,T70Z,T5MN,TVE6,T85Z,TZMP,TH0K,TZU1,T9BT,F1UV,T92Z,FUBG,F3GN,TPEP,TBV3,FVV9,TID5,F6RC,TG3F,F5LH,TZ55,FX84,FGN4,TI42,TIIB,FZMX,T3S6,TK4P,T7TJ,T2SK,TN85,TBWQ,T76Z,TNX7,F0DA,F9XD,F67X,F4TQ,TSXE,F67Z,F65S,F67N,F6VC,TFGT,F8GB,FSKR,FA0L,TNWK,TOU7,FSUU,FABU,FAES,TZ35,T17Z,TZL6,T7NS,F65Q,TMKV,THQZ,THZS,FMMY,TKED,TMKK,TQF4,TO48,TX4N,TNKY,TPPT,TZMV,TOJS,TR3J,TYVK,TSAU,F6EB,TTAV,FNQO,TLO2,TPK2,TWIW,TZ11,T29Z,FBY4,TX5K,TQ6H,TZR8,TYUM,T5ZM,TZ15,FY82,TZ38,F11B,TY64,TKJJ,TDFM,FQZ0,FYGW,F25Q,FCV1,TN5P,FHKP,TI8E,TKP8,FDGI,FJ6K,TKB4,TLY1,T8VX,FN66,FFM2,T2I7,TAN0,FNOT,FC9Y,TSCS,THO9,TSMU,TB0R,FGIO,FMMM,FCHC,FGR8,TBMT,FOS4,FZMM,FCY3,FGXK,F5ET,T27Z,T86Z,F9LX,TRUR,TD9H,FMVY,FRRI,TSN3,TAET,T7LJ,TTI2,TAIJ,TSKR,FQ8Y,TXGG,T9R3,T62Z,T10Z,FC4W,T40Z,TI2E,F9P5,TGJC,FUI6,FPL4,T43Z,TIEW,FITF,FV4X,T102,FP0Y,T47Z,TCIZ,T15Z,TQY2,TV8D,T15P,FOWL,FDWP,T9MI,TV9X,FSY0,FQIA,TUSF,FFIT,FUFO,T21Z,TWIE,FT5I,FGHH,TM19,TWLH,THN4,T010,FO4G,T3YQ,T2RN,TYWR,FLHX,FDMM,T0PQ,TZ66,TRBN,TWCO,TV6T,TUG6,T0PZ,T32Z,T4VT,T69Z,T52S,TZ5D,T5I8,FV1C,T6VS,FAF7,TZ12,F7A5,TPGT,T6W4,FQWB,FFLS,TSJR,T0V5,FTRX,FG4Q,TSWR,FR00,F1JT,FZEG,TY43,TZ78,TAXI,FQE7,FR51,FIX8,T0HP,FJAV,TWBS,FA8J,T04Z,TRB3,FYZA,FJJ7,F9WL,T9KF,FFVH,F4XZ,TZ33,T3NL,T0Q1,TT2O,TZYF,FLTY,T5SG,TYL2,FQFO,TY8C,T3S1,F0JB,FC4F,T77Z,T7ZB,T8BB,FEBZ,T9EY,T4R0,TXNH,FFDX,TRMB,TDY4,T6UA,F5P1,T90Z,FFJF,F4F2,TEQQ,FBFJ,T75Z,F6YE,F4L2,TGZS,F9P8,TZTW,TZ00,T33Z,TCTY,TSZO,TFN8,FQ00,F4ZG,TL1W,TDNE,FEDT,TZ89,FZOI,FG90,F74Q,TOV5,FGAL,FGDY,TPR3,FJWI,TMZY,THZH,TFU5,F5G0,TOC2,T5UP,T8A0,FLCG,TOPX,T9DA,T54Z,T0DC,TPCZ,TAZV,FPIS,TTWD,TB3W,FT52,TIQP,TBYQ,FW2Q,FATV,TDJX,T11Z,FX96,FBJQ,TLQA,TFEB,FX99,FBQJ,FOJ4,T1YU,T9D8,T4RV,T6R2,TN3I,TOFI,TUQU,TCXG,TVV5,T00Z,FT33,TDM3,TQNR,T3S4,FYQT,TDR2,T6OQ,FN9F,TH7D,F06I,TJ1A,FZ69,TECK,T2P6,T4DS,FDLP,TDWO,FSX7,T0QW,TGT6,T1EO,TJ4I,TVD7,TKOU,TVZN,FZP9,T4TW,TLE6,TBY8,TZWN,FZW6,FIVK,F0KQ,FNK9,FT31,TT8K,FUTY,TUDM,F0HN,T121,TAF9,TNK9,FFYK,FQ26,TE2K,FZ97,TFD3,T4LD,FGC0,FR0N,TFP2,FQFA,TND8,T4PY,FR30,TNUX,TMM5,FRIO,TZI6,FLX3,FXH1,TQ0M,FVV0,TNXK,F8T5,T7JF,TVVB,T6U0,TOLF,FQ3P,TRKK,TA6I,TSB8,TSZT,TBZI,TU6I
2942/TAT/HO/10/2020|20085044|FGXK,TKJJ,F2CC,F25Q,FCV1,FHKP,TI8E,TKP8,T00Y,FZ97,FJ6K,FMVY,T2PA,TLY1,T8VX,FN66,FFM2,TG3F,T3M5,TSCS,TZ63,FXH1,F3OT,F8PI,TB0R,FGIO,FMMM,FCHC,FGR8,TBMT,FOS4,T9BT,T47Z,T4A3,F5ET,T27Z,F9LX,F3GN,TD9H,TFD3,T0Q1,TBV3,TSN3,F6RC,T7LJ,FX84,FGN4,FQ8Y,T7TJ,FC4W,T40Z,TI2E,TGJC,T90Z,FUI6,T43Z,T04Z,TIEW,FITF,T102,FP0Y,TQY2,TV8D,F5G0,TH7D,FOWL,FDWP,TV9X,F67N,FSY0,TSZO,FFIT,FUFO,T21Z,TWIE,TN10,TM19,THN4,T010,FSUU,T3YQ,FAES,TJ1A,FDMM,T0PQ,TXNH,THQZ,TV6T,TMM5,FMMY,T32Z,T4VT,T52S,T5I8,T54Z,TZMV,F6EB,FNQO,T6VS,TWIW,FAF7,TZ12,F7A5,TPGT,TQ6H,FQWB,FFLS,FY82,FTRX,TOV5,TNX7,FR00,TDFM,FQZ0,FZEG,TMKV,FYGW,THZS,TAXI,T1YU,FDGI,F65S,FIX8,TAN0,FNOT,T5UP,TWBS,TSMU,TA6I,T00Z,FZMM,FCY3,TNAK,F9WL,T86Z,F4XZ,TZ33,T3NL,FRRI,TT2O,TZYF,T5SG,TAET,T9D8,TY8C,FC4F,T77Z,T8BB,FEBZ,T9EY,T4R0,FFDX,TRMB,TDY4,T9R3,T6UA,F5P1,FFJF,F4F2,TEQQ,TZ66,FPL4,F6YE,TSWR,F9P8,TZ00,TCTY,TN5P,TFN8,FQIA,TUSF,FT5I,FGHH,TWLH,FEDT,TZ89,FC9Y,FZOI,FG90,T2RN,F8DC,FGAL,FLHX,F1G1,FGDY,TPR3,TWCO,TSJR,TKB4,TUG6,TRIF,TFU5,TNK9,TZ78,TOC2,T07Z,TRUR,T69Z,TOPX,T9DA,T3S1,T0DC,F5LH,TAZV,T8OA,TAIJ,TTWD,TB3W,TSKR,THO9,FT52,T6W4,TBYQ,TQ0M,TIQP,FW2Q,TXGG,FATV,T10Z,TDJX,FG4Q,FX96,FBJQ,TLQA,TFEB,TECK,F1JT,TCIZ,FFYK,FR51,T8OU,T4RV,TN3I,FJAV,TOFI,FA8J,FO4G,TUQU,TCXG,TVV5,TDM3,T3S4,TZ47,FYQT,TDR2,T5MN,FN9F,TRBN,F06I,F9XD,T2P6,T4DS,T9KF,T0PZ,TDWO,FQE7,T0QW,TGT6,TJ4I,TVD7,TPEP,TYL2,FQFO,TKOU,TVZN,FZP9,T7ZB,TID5,TLE6,TZ5D,TR3J,TBY8,TZWN,TLO2,FZW6,FT31,T92Z,TT8K,FBFJ,T75Z,FUTY,F4L2,TGZS,T0V5,T36Z,F9P5,T76Z,T121,TZTW,FJJ7,TAF9,TY43,FQ26,TE2K,T4LD,FGC0,FR0N,FQ00,TFP2,F4ZG,TL1W,TND8,T4PY,FR30,TNUX,TZI6,FLX3,FVV0,T2I7,TNXK,T0HP,TNWK,T6U0,F0KQ,TRKK,T17Z,TSZT,TBZI,T3S6,FJWI,F0HN,FYZA,FBQJ,TMZY,TK2X,THZH,TXLL,FFVH,T8MG,T8A0,FLCG,TQF4,FX88,TOVJ,TPCZ,TZ46,T5GB,FX89,TZKX,T01Z,FLTY,TV6F,TRB3,FMZ9,FYAM,TW8F,T5PR,TW90,FX99,FEES,TV0X,T33Z,T9MI,TVC0,T6R2,TVWG,T2KA,TDNE,TXC6,F2BZ,F8GB,TY3V,FT33,T70Z,TVE6,T6OQ,T85Z,TYWR,TZMP,TH0K,TZU1,FV4X,FZ69,FDLP,F1UV,FSX7,FUBG,T1EO,FVV9,TYTQ,F0JB,TZ55,T4TW,TI42,FV1C,TTI2,TIIB,FZMX,FIVK,FNK9,TK4P,T62Z,T2SK,TN85,TBWQ,TUDM,T11Z,F67X,FOJ4,F4TQ,FFGI,T15Z,TSXE,T15P,F67Z,FQFA,F6VC,TFGT,FRIO,FSKR,FA0L,F8T5,T7JF,TOU7,TVVB,F1XB,FABU,TOLF,FPIS,FQ3P,F74Q,TZ35,TSB8,TZL6,T7NS,TU6I,F65Q,F0DA,TKED,TQNR,TMKK,TO48,TX4N,TNKY,TPPT,TW5C,TOJS,TYVK,TSAU,TTAV,TPK2,TZ11,T29Z,FBY4,TX5K,TYUM,T5ZM,TZ15,TZR8,TZ38,F11B,FN81,TY64
2942/TAT/HO/10/2020|20091823|T47Z,F5ET,T27Z,F9LX,F3GN,TD9H,TFD3,FFVH,TBV3,TSN3,F6RC,T7LJ,FX84,FGN4,FQ8Y,T7TJ,FC4W,T40Z,TI2E,TGJC,FUI6,T43Z,TIEW,FITF,FYAM,T102,FP0Y,TV8D,F5G0,FOWL,FDWP,TV9X,F67N,FSY0,FFIT,FUFO,TWIE,TM19,THN4,T010,TDNE,T21Z,FSUU,TG3F,T3YQ,T5UP,FAES,FDMM,T0PQ,THQZ,TV6T,FMMY,T32Z,T4VT,T52S,T0Q1,T5I8,TYTQ,F6EB,FNQO,T6VS,TWIW,FAF7,TZ12,F7A5,TPGT,TQ6H,FQWB,FFLS,FY82,FTRX,FR00,TDFM,FQZ0,FZEG,FYGW,TAXI,FOJ4,FDGI,TH7D,FFGI,FIX8,TSZO,TAN0,FNOT,TN10,TWBS,TSMU,TA6I,TJ1A,T90Z,FZMM,FCY3,T04Z,TNX7,F9WL,T86Z,F4XZ,TZ33,TMM5,T3NL,FRRI,TT2O,TZYF,T5SG,TAET,TVD7,TQNR,TY8C,FC4F,T77Z,T8BB,FEBZ,T9EY,T54Z,F74Q,TZMV,T4R0,FFDX,TRMB,TDY4,T9R3,T6UA,F5P1,FFJF,F4F2,TEQQ,TZ66,FPL4,F6YE,TSWR,TZR8,TQ0M,F9P8,TXNH,TZ00,TCTY,THZS,TFN8,FQIA,T1YU,TUSF,FT5I,FZ97,FGHH,TWLH,FEDT,TZ89,FZOI,FG90,FXH1,T2RN,F8DC,FGAL,FLHX,FGDY,TPR3,TWCO,T00Z,TUG6,TRIF,TFU5,TNAK,T4A3,TOC2,T8MG,T07Z,T69Z,TOPX,T9DA,T3S1,T0DC,F5LH,TAZV,TTWD,TB3W,THO9,FT52,T6W4,TBYQ,FW2Q,FATV,TDJX,FG4Q,FX96,FBJQ,TLQA,TFEB,TECK,F1JT,FFYK,FR51,T4RV,TN3I,FJAV,TOFI,FA8J,TUQU,TCXG,TVV5,TDM3,T3S4,FYQT,TDR2,F1G1,FN9F,F06I,TSJR,F9XD,T2P6,T4DS,T9KF,TDWO,FQE7,T0QW,TGT6,TZ78,TJ4I,TYL2,FQFO,TKOU,TRUR,TVZN,FZP9,T7ZB,TLE6,T9D8,TR3J,TBY8,TZWN,TLO2,T8OA,FT31,T92Z,TT8K,FBFJ,T75Z,FUTY,TIQP,F4L2,TGZS,T36Z,TXGG,T10Z,T121,TZTW,T5MN,TAF9,TRBN,TMKV,T3S6,FQ26,TE2K,T4LD,FGC0,FR0N,FQ00,TFP2,F4ZG,TL1W,F65S,TND8,T4PY,FR30,TNUX,TZI6,FLX3,FVV0,TNXK,TNWK,T6U0,F0KQ,TRKK,TLY1,TSZT,TBZI,FJWI,F0HN,TZ47,F9P5,FBQJ,TMZY,THZH,TXLL,T8A0,FLCG,FX88,TPEP,TPCZ,TZ46,T5GB,FX89,TID5,TZKX,TZ5D,T01Z,FZW6,FLTY,TV6F,FMZ9,TW8F,T5PR,TOV5,TW90,T0V5,FX99,FEES,FYZA,TKB4,TV0X,FJJ7,T9MI,TVC0,TN5P,TY43,T6R2,T8OU,TVWG,T2KA,TXC6,F2BZ,T2I7,F8GB,FC9Y,T0HP,TY3V,FT33,T70Z,TVE6,T6OQ,T85Z,TYWR,T17Z,TZMP,TH0K,TZU1,FV4X,FZ69,FDLP,F1UV,FSX7,TK2X,FUBG,TNK9,T1EO,FVV9,F0JB,TZ55,T4TW,TI42,FV1C,TQF4,TIIB,FZMX,FIVK,TAIJ,FNK9,TK4P,T62Z,T2SK,TN85,TBWQ,TUDM,TRB3,F67X,TQY2,F4TQ,TSXE,TCIZ,F67Z,TSKR,T33Z,FQFA,F6VC,TFGT,FRIO,FSKR,FA0L,F8T5,T7JF,TOU7,TVVB,F1XB,FABU,TOLF,FPIS,FQ3P,FO4G,TZ35,TSB8,TZL6,T7NS,TU6I,F65Q,F0DA,T11Z,TKED,T0PZ,TMKK,TO48,TX4N,TNKY,TPPT,TW5C,TOJS,TYVK,TSAU,TTAV,TPK2,TOVJ,TTI2,TZ11,T29Z,FBY4,TX5K,TYUM,T5ZM,T76Z,TZ15,TZ38,F11B,FN81,TY64,FGXK,TKJJ,F2CC,F25Q,FCV1,FHKP,TI8E,TKP8,T00Y,FJ6K,T15Z,FMVY,T15P,T2PA,T8VX,FN66,FFM2,T3M5,TSCS,TZ63,F3OT,F8PI,TB0R,FGIO,FMMM,FCHC,FGR8,TBMT,FOS4,T9BT
2942/TAT/HO/10/2020|20091825|TV8D,F5G0,FOWL,FDWP,TV9X,F67N,FSY0,FFIT,FUFO,TWIE,TM19,THN4,T010,TDNE,T21Z,FSUU,TG3F,T3YQ,T5UP,FAES,FDMM,T0PQ,THQZ,TV6T,FMMY,T32Z,T4VT,T52S,T0Q1,T5I8,TYTQ,F6EB,FNQO,T6VS,TWIW,FAF7,TZ12,F7A5,TPGT,TQ6H,FQWB,FFLS,FY82,FTRX,FR00,TDFM,FQZ0,FZEG,FYGW,TAXI,FOJ4,FDGI,TH7D,FFGI,FIX8,TSZO,TAN0,FNOT,TN10,TWBS,TSMU,TA6I,TJ1A,T90Z,FZMM,FCY3,T04Z,TNX7,F9WL,T86Z,F4XZ,TZ33,TMM5,T3NL,FRRI,TT2O,TZYF,T5SG,TAET,TVD7,TQNR,TY8C,FC4F,T77Z,T8BB,FEBZ,T9EY,T54Z,F74Q,TZMV,T4R0,FFDX,TRMB,TDY4,T9R3,T6UA,F5P1,FFJF,F4F2,TEQQ,TZ66,FPL4,F6YE,TSWR,TZR8,TQ0M,F9P8,TXNH,TZ00,TCTY,THZS,TFN8,FQIA,T1YU,TUSF,FT5I,FZ97,FGHH,TWLH,FEDT,TZ89,FZOI,FG90,FXH1,T2RN,F8DC,FGAL,FLHX,FGDY,TPR3,TWCO,T00Z,TUG6,TRIF,TFU5,TNAK,T4A3,TOC2,T8MG,T07Z,T69Z,TOPX,T9DA,T3S1,T0DC,F5LH,TAZV,TTWD,TB3W,THO9,FT52,T6W4,TBYQ,FW2Q,FATV,TDJX,FG4Q,FX96,FBJQ,TLQA,TFEB,TECK,F1JT,FFYK,FR51,T4RV,TN3I,FJAV,TOFI,FA8J,TUQU,TCXG,TVV5,TDM3,T3S4,FYQT,TDR2,F1G1,FN9F,F06I,TSJR,TZTW,F9XD,T2P6,T4DS,T9KF,TDWO,FQE7,T0QW,TGT6,TZ78,TJ4I,TYL2,FQFO,TKOU,TRUR,TVZN,FZP9,T7ZB,TLE6,T9D8,TR3J,TBY8,TZWN,TLO2,T8OA,FT31,T92Z,TT8K,FBFJ,T75Z,FUTY,TIQP,F4L2,TGZS,T36Z,TXGG,T10Z,T121,T5MN,TAF9,TRBN,TMKV,T3S6,FQ26,TE2K,T4LD,FGC0,FR0N,FQ00,TFP2,F4ZG,TL1W,F65S,TND8,T4PY,FR30,TNUX,TZI6,FLX3,FVV0,TNXK,TNWK,T6U0,F0KQ,TRKK,TLY1,TSZT,TBZI,FJWI,F0HN,TZ47,FX99,F9P5,FBQJ,TMZY,THZH,TXLL,T8A0,FLCG,FX88,TPEP,TPCZ,TZ46,T5GB,FX89,TID5,TZKX,TZ5D,T01Z,FZW6,FLTY,TV6F,FMZ9,TW8F,T5PR,TOV5,TW90,T0V5,FEES,FYZA,TKB4,TV0X,FJJ7,T9MI,TVC0,TN5P,TY43,T6R2,T8OU,TVWG,T2KA,TXC6,F2BZ,T2I7,F8GB,FC9Y,T0HP,TY3V,FT33,T70Z,TVE6,T6OQ,T85Z,TYWR,T17Z,TZMP,TH0K,TZU1,FV4X,FZ69,FDLP,F1UV,FSX7,TK2X,FUBG,TNK9,T1EO,FVV9,F0JB,TZ55,T4TW,TI42,FV1C,TQF4,TIIB,FZMX,FIVK,TAIJ,FNK9,TK4P,T62Z,T2SK,TN85,TBWQ,TUDM,TRB3,F67X,TQY2,F4TQ,TSXE,TCIZ,F67Z,TSKR,T33Z,FQFA,F6VC,TFGT,FRIO,FSKR,FA0L,F8T5,T7JF,TOU7,TVVB,F1XB,FABU,TOLF,FPIS,FQ3P,FO4G,TZ35,TSB8,TZL6,T7NS,TU6I,F65Q,F0DA,T11Z,TKED,T0PZ,TMKK,TO48,TX4N,TNKY,TPPT,TW5C,TOJS,TYVK,TSAU,TTAV,TPK2,TOVJ,TTI2,TZ11,T29Z,FBY4,TX5K,TYUM,T5ZM,T76Z,TZ15,TZ38,F11B,FN81,TY64,T9BT,FGXK,TKJJ,F2CC,F25Q,FCV1,FHKP,TI8E,TKP8,T00Y,FJ6K,T15Z,FMVY,T15P,T2PA,T8VX,FN66,FFM2,T3M5,TSCS,TZ63,F3OT,F8PI,TB0R,FGIO,FMMM,FCHC,FGR8,TBMT,FOS4,T47Z,F5ET,T27Z,F9LX,F3GN,TD9H,TFD3,FFVH,TBV3,TSN3,F6RC,T7LJ,FX84,FGN4,FQ8Y,T7TJ,FC4W,T40Z,TI2E,TGJC,FUI6,T43Z,TIEW,FITF,FYAM,T102,FP0Y
2942/TAT/HO/10/2020|20092898|FMMY,T32Z,T4VT,T52S,T0Q1,T5I8,TYTQ,F6EB,FNQO,T6VS,TWIW,FAF7,TZ12,TOVJ,F7A5,TQ6H,FQWB,FFLS,FY82,FTRX,FR00,TDFM,FQZ0,FZEG,FYGW,TAXI,FOJ4,FDGI,TH7D,FFGI,FIX8,TSZO,TAN0,FNOT,TN10,TWBS,TSMU,TPGT,TA6I,T90Z,FZMM,FCY3,TNX7,F9WL,T86Z,TZ33,TMM5,T3NL,FRRI,TT2O,TQ0M,TZYF,T5SG,TAET,TVD7,TQNR,TY8C,FC4F,T77Z,FEBZ,T9EY,T54Z,F74Q,TZMV,T4R0,F4XZ,FFDX,TRMB,TDY4,T9R3,T6UA,F5P1,FFJF,F4F2,TEQQ,TZ66,FPL4,F6YE,TSWR,TZR8,F9P8,TZ00,TCTY,THZS,TFN8,FQIA,T1YU,TUSF,FT5I,FZ97,FGHH,TWLH,FEDT,TZ89,FZOI,FG90,FXH1,T2RN,F8DC,FGAL,FLHX,FGDY,TPR3,TWCO,T00Z,TUG6,TRIF,TFU5,TNAK,T4A3,TOC2,T8MG,T07Z,T69Z,TOPX,T9DA,T3S1,T0DC,F5LH,TAZV,TTWD,TB3W,THO9,FT52,T6W4,TBYQ,FW2Q,FATV,TDJX,FG4Q,FX96,FBJQ,TLQA,TFEB,TECK,F1JT,FFYK,FR51,T4RV,TN3I,FJAV,TOFI,FA8J,TUQU,TCXG,TVV5,TDM3,T3S4,FYQT,TDR2,F1G1,FN9F,F06I,TSJR,TZTW,F9XD,T2P6,T4DS,T9KF,T04Z,TDWO,FQE7,T0QW,T5UP,TGT6,TZ78,TJ4I,TYL2,FQFO,TKOU,TRUR,TVZN,FZP9,T7ZB,TLE6,TR3J,TBY8,TZWN,TLO2,T8OA,FT31,T92Z,TT8K,FBFJ,T75Z,FUTY,TIQP,F4L2,TGZS,T36Z,TXGG,T10Z,T121,T5MN,TAF9,TRBN,TXNH,TMKV,FQ26,TE2K,T4LD,FGC0,FR0N,FQ00,TFP2,F4ZG,TL1W,F65S,TND8,T4PY,FR30,TNUX,TZI6,FLX3,FVV0,TNXK,TNWK,T6U0,F0KQ,TRKK,TLY1,TSZT,TBZI,FJWI,F0HN,TZ47,T0V5,FX99,F9P5,FBQJ,TMZY,THZH,TXLL,T8A0,FLCG,FX88,TPEP,TPCZ,TZ46,T5GB,FX89,TID5,TZKX,TZ5D,T01Z,FZW6,FLTY,TV6F,FMZ9,TW8F,T5PR,TW90,FEES,FYZA,TKB4,TV0X,FJJ7,T9MI,TVC0,TN5P,TY43,T6R2,TVWG,T2KA,TXC6,F2BZ,T2I7,F8GB,FC9Y,T0HP,TY3V,FT33,T70Z,TVE6,T6OQ,T85Z,TYWR,T17Z,TZMP,TH0K,TZU1,FV4X,FZ69,FDLP,F1UV,FSX7,TK2X,FUBG,TNK9,T1EO,FVV9,F0JB,TZ55,T4TW,TI42,FV1C,TQF4,T9D8,TIIB,FZMX,FIVK,TAIJ,FNK9,TK4P,T62Z,T2SK,TN85,TBWQ,TUDM,TRB3,F67X,TQY2,F4TQ,TSXE,T3S6,TCIZ,F67Z,TSKR,T33Z,FQFA,F6VC,TFGT,FRIO,FSKR,FA0L,F8T5,T7JF,TOU7,TVVB,F1XB,FABU,TOLF,FPIS,FQ3P,FO4G,TZ35,TSB8,TZL6,T7NS,TU6I,F65Q,F0DA,TOV5,T11Z,TKED,T0PZ,TMKK,TO48,TX4N,T8BB,TNKY,TPPT,TW5C,TOJS,TYVK,TSAU,TTAV,TPK2,TTI2,TZ11,T29Z,FBY4,TX5K,TYUM,T5ZM,T76Z,TZ15,TZ38,F11B,FN81,TY64,T9BT,FGXK,TKJJ,F2CC,F25Q,FCV1,FHKP,TI8E,TKP8,T00Y,FJ6K,T15Z,FMVY,T15P,T2PA,T8VX,T8OU,FN66,FFM2,T3M5,TZ63,F3OT,F8PI,TB0R,FGIO,FMMM,FCHC,FGR8,TBMT,FOS4,FP0Y,T47Z,F5ET,T27Z,F9LX,F3GN,TD9H,TFD3,FFVH,TBV3,TSN3,F6RC,T7LJ,FX84,FGN4,TSCS,FQ8Y,T7TJ,FC4W,T40Z,TI2E,TGJC,FUI6,T43Z,TIEW,FITF,FYAM,T102,TV8D,F5G0,FOWL,FDWP,TV9X,F67N,FSY0,FFIT,FUFO,TWIE,TM19,THN4,T010,TDNE,T21Z,FSUU,TG3F,T3YQ,FAES,FDMM,T0PQ,TJ1A,THQZ,TV6T
2942/TAT/HO/10/2020|20092899|FCY3,FR00,TDFM,FQZ0,FZEG,FYGW,FOJ4,FDGI,TH7D,FFGI,FIX8,TSZO,TAN0,FNOT,TN10,TWBS,TSMU,TPGT,TA6I,T90Z,FZMM,TNX7,F9WL,T86Z,TZ33,TMM5,T3NL,TTWD,FRRI,TT2O,TQ0M,TZYF,T5SG,TAET,TVD7,TQNR,TY8C,FC4F,T77Z,FEBZ,T54Z,F74Q,TZMV,T4R0,F4XZ,FFDX,TRMB,TDY4,T9R3,T6UA,F5P1,FFJF,F4F2,TEQQ,TZ66,FPL4,F6YE,TSWR,TZR8,F9P8,TZ00,TCTY,THZS,TFN8,FQIA,T1YU,TUSF,T9EY,FT5I,FZ97,FGHH,TWLH,FEDT,TZ89,FZOI,FG90,FXH1,T2RN,F8DC,FGAL,FLHX,FGDY,TPR3,TWCO,T00Z,TUG6,TRIF,TFU5,TNAK,T4A3,FG4Q,TOC2,T8MG,T07Z,T69Z,TOPX,T9DA,T3S1,T0DC,F5LH,TAZV,TB3W,THO9,FT52,T6W4,TBYQ,FW2Q,FATV,TDJX,FX96,FBJQ,TLQA,TFEB,TECK,F1JT,FFYK,FR51,T4RV,TN3I,FJAV,TOFI,FA8J,TUQU,TCXG,TVV5,TDM3,T3S4,FYQT,TDR2,F1G1,FN9F,F06I,TSJR,TZTW,F9XD,T2P6,T4DS,T9KF,T04Z,TDWO,FQE7,T0QW,T5UP,TGT6,TZ78,TJ4I,TYL2,FQFO,TKOU,TRUR,TVZN,FZP9,T7ZB,TLE6,TR3J,TBY8,TZWN,TLO2,T8OA,FT31,T92Z,TT8K,FBFJ,T75Z,FUTY,TIQP,F4L2,TGZS,T36Z,TXGG,T10Z,T121,T5MN,TAF9,TRBN,TXNH,TMKV,FQ26,TE2K,T4LD,FGC0,FR0N,FQ00,TFP2,F4ZG,TL1W,F65S,TND8,T4PY,FR30,TNUX,TZI6,FLX3,FVV0,TNXK,TNWK,T6U0,F0KQ,TRKK,TLY1,TSZT,TBZI,FJWI,F0HN,TZ47,TW90,T0V5,FX99,F9P5,FBQJ,TMZY,THZH,TXLL,T8A0,FLCG,FX88,TPEP,TPCZ,TZ46,T5GB,FX89,TID5,TZKX,TZ5D,T01Z,FZW6,FLTY,TV6F,FMZ9,TW8F,T5PR,FEES,FYZA,TKB4,TV0X,FJJ7,T9MI,TVC0,TN5P,TY43,T6R2,TVWG,T2KA,TXC6,F2BZ,T2I7,F8GB,FC9Y,T0HP,TY3V,FT33,T70Z,TVE6,T6OQ,T85Z,TYWR,T17Z,TZMP,TH0K,TZU1,FV4X,FZ69,FDLP,F1UV,FSX7,TK2X,FUBG,TNK9,T1EO,FVV9,F0JB,TZ55,T4TW,TI42,FV1C,TQF4,T9D8,TIIB,FZMX,FIVK,TAIJ,FNK9,TK4P,T62Z,T2SK,TN85,TBWQ,TUDM,TRB3,F0DA,F67X,TQY2,F4TQ,TSXE,T3S6,TCIZ,F67Z,TSKR,T33Z,FQFA,F6VC,TFGT,FRIO,FSKR,FA0L,F8T5,T7JF,TOU7,TVVB,F1XB,FABU,TOLF,FPIS,FQ3P,FO4G,TZ35,TSB8,TZL6,T7NS,TU6I,F65Q,TOV5,T11Z,TKED,T0PZ,TMKK,TO48,TX4N,T8BB,TNKY,TPPT,TW5C,TOJS,TYVK,TSAU,TTAV,TPK2,TTI2,TZ11,T29Z,FBY4,TX5K,TYUM,T5ZM,T76Z,TZ15,TZ38,F11B,FN81,TY64,T9BT,FGXK,TKJJ,F2CC,F25Q,FCV1,FHKP,TI8E,TKP8,T00Y,FJ6K,T15Z,FMVY,T15P,T2PA,T8VX,T8OU,FN66,FFM2,T3M5,TZ63,F3OT,F8PI,TB0R,FGIO,FMMM,FCHC,FGR8,TBMT,FOS4,FP0Y,T47Z,F5ET,T27Z,F9LX,F3GN,TD9H,TFD3,FFVH,TBV3,TSN3,F6RC,T7LJ,TAXI,FX84,FGN4,TSCS,FQ8Y,T7TJ,FC4W,T40Z,TI2E,TGJC,FUI6,T43Z,TIEW,FITF,FYAM,T102,TV8D,F5G0,FOWL,FDWP,TV9X,F67N,FSY0,FFIT,FUFO,TWIE,TM19,THN4,T010,TDNE,T21Z,FSUU,TG3F,T3YQ,FAES,FDMM,T0PQ,TJ1A,THQZ,TV6T,FMMY,T32Z,T4VT,T52S,T0Q1,T5I8,TYTQ,F6EB,FNQO,T6VS,TWIW,FAF7,TZ12,TOVJ,F7A5,TQ6H,FQWB,FFLS,FY82,FTRX
2942/TAT/HO/10/2020|20092904|TNX7,F9WL,T86Z,TZ33,TMM5,T3NL,TTWD,FRRI,TT2O,TQ0M,TZYF,T5SG,TAET,TVD7,TQNR,TY8C,FC4F,T77Z,FEBZ,T54Z,F74Q,TZMV,T4R0,F4XZ,FFDX,TRMB,TDY4,T9R3,T6UA,F5P1,FFJF,F4F2,TEQQ,TZ66,FPL4,F6YE,TZR8,F9P8,TZ00,TCTY,THZS,TFN8,FQIA,T1YU,TUSF,T9EY,FT5I,FZ97,FGHH,TWLH,FEDT,TZ89,FG90,FXH1,T2RN,F8DC,FGAL,FLHX,TSWR,FGDY,TPR3,TWCO,T00Z,TUG6,TRIF,TFU5,TNAK,T4A3,FG4Q,TOC2,T8MG,T07Z,T69Z,TOPX,T9DA,T3S1,T0DC,F5LH,TAZV,TB3W,THO9,FT52,T6W4,TBYQ,FW2Q,FATV,TDJX,FX96,FBJQ,TLQA,TFEB,TSJR,TECK,F1JT,FFYK,FR51,T4RV,TN3I,FJAV,TOFI,FA8J,TUQU,TCXG,TVV5,TDM3,T3S4,FYQT,TDR2,F1G1,FN9F,F06I,TZTW,F9XD,T2P6,T4DS,T9KF,T04Z,TDWO,FQE7,T0QW,T5UP,TGT6,TZ78,TJ4I,TYL2,FQFO,TKOU,TRUR,TVZN,FZP9,T7ZB,TLE6,TR3J,TBY8,TZWN,TLO2,T8OA,FT31,T92Z,TT8K,FBFJ,T75Z,FUTY,FZOI,TIQP,F4L2,TGZS,T36Z,TXGG,T10Z,T121,T5MN,TAF9,TRBN,TXNH,TMKV,FQ26,TE2K,T4LD,FGC0,FR0N,FQ00,TFP2,F4ZG,TL1W,F65S,TND8,T4PY,FR30,TNUX,TZI6,FLX3,FVV0,TNXK,TNWK,T6U0,F0KQ,TRKK,TLY1,TSZT,TBZI,FJWI,F0HN,TZ47,TW90,T0V5,FX99,F9P5,FBQJ,TMZY,THZH,TXLL,T8A0,FLCG,FX88,TPEP,TPCZ,TZ46,T5GB,FX89,TID5,TZKX,TZ5D,T01Z,FZW6,FLTY,TV6F,FMZ9,TW8F,T5PR,FZ69,FEES,FYZA,TKB4,TV0X,FJJ7,T9MI,TVC0,TN5P,TY43,T6R2,TVWG,T2KA,TXC6,F2BZ,T2I7,F8GB,FC9Y,T0HP,TY3V,FT33,T70Z,TVE6,T6OQ,T85Z,TYWR,T17Z,TZMP,TH0K,TZU1,FV4X,FDLP,F1UV,FSX7,TK2X,FUBG,TNK9,T1EO,FVV9,F0JB,TZ55,T4TW,TI42,FV1C,TQF4,T9D8,TIIB,FZMX,FIVK,TAIJ,FNK9,TK4P,T62Z,T2SK,TN85,TBWQ,TUDM,TRB3,F0DA,F67X,TQY2,F4TQ,TSXE,T3S6,TCIZ,F67Z,TSKR,T33Z,FQFA,F6VC,TFGT,FRIO,FSKR,FA0L,F8T5,T7JF,TOU7,TVVB,F1XB,FABU,TOLF,FPIS,FQ3P,FO4G,TZ35,TSB8,TZL6,T7NS,TU6I,F65Q,TOV5,T11Z,TKED,T0PZ,TMKK,TO48,TX4N,T8BB,TNKY,TPPT,TW5C,TOJS,TYVK,TSAU,TTAV,TPK2,TTI2,TZ11,T29Z,FBY4,TX5K,TYUM,T5ZM,T76Z,TZ15,TZ38,F11B,FN81,TY64,T9BT,FGXK,TKJJ,F2CC,F25Q,FCV1,FHKP,TI8E,TKP8,T00Y,FJ6K,T15Z,FMVY,T15P,T2PA,T8VX,T8OU,FN66,FFM2,T3M5,TZ63,F3OT,F8PI,TB0R,FGIO,FMMM,FCHC,FGR8,TBMT,FOS4,FP0Y,T47Z,F5ET,T27Z,F3GN,TD9H,TFD3,FFVH,TBV3,TSN3,F6RC,T7LJ,TAXI,FX84,FGN4,TSCS,FQ8Y,T7TJ,FC4W,T40Z,TI2E,TGJC,FUI6,T43Z,TIEW,FITF,FYAM,T102,TV8D,F5G0,FOWL,FDWP,F9LX,TV9X,F67N,FSY0,FFIT,FUFO,TWIE,TM19,THN4,T010,TDNE,T21Z,FSUU,TG3F,T3YQ,FAES,FDMM,T0PQ,TJ1A,THQZ,TV6T,FMMY,T32Z,T4VT,T52S,T0Q1,T5I8,TYTQ,F6EB,FNQO,T6VS,TWIW,FAF7,TZ12,TOVJ,F7A5,TQ6H,FQWB,FFLS,FY82,FTRX,FCY3,FR00,TDFM,FQZ0,FZEG,FYGW,FOJ4,FDGI,TH7D,FFGI,FIX8,TSZO,TAN0,FNOT,TN10,TWBS,TSMU,TPGT,TA6I,T90Z,FZMM
2942/TAT/HO/10/2020|20095554|TZ00,TCTY,TFN8,FQIA,TUSF,T9EY,TZ78,FT5I,T8OU,FGHH,TWLH,TRUR,F5LH,FEDT,TZ89,FG90,THO9,T2RN,FGAL,FLHX,TSWR,FGDY,TPR3,TWCO,TXGG,F1G1,T10Z,TUG6,TRIF,TFU5,TRBN,TMKV,FFYK,FG4Q,TOC2,T8MG,T07Z,T69Z,TOPX,T9DA,T3S1,T0DC,TAZV,TB3W,T8OA,FT52,T6W4,TBYQ,FW2Q,FATV,TDJX,TIQP,FX96,FBJQ,TLQA,TFEB,T0V5,F9P5,TECK,F1JT,T5MN,F9XD,FR51,FQE7,T4RV,TN3I,FJAV,TR3J,TOFI,FA8J,TLO2,TZ5D,TUQU,TCXG,TLY1,TVV5,TDM3,T3S4,FYQT,T36Z,TDR2,TSZO,FN9F,TZ47,F06I,TZTW,T2P6,FYZA,T4DS,T9KF,TDWO,FJJ7,T0QW,TGT6,TY43,TJ4I,TYL2,FQFO,F65S,TKOU,TVZN,FZP9,T7ZB,TPEP,TLE6,TBY8,TZWN,TID5,T2I7,T0HP,TOVJ,FT31,FZW6,T92Z,TT8K,FBFJ,T75Z,FUTY,FZOI,F4L2,TGZS,T121,TAF9,TKB4,FQ26,TE2K,T4LD,FGC0,TNK9,TN5P,FR0N,FQ00,TFP2,F4ZG,TL1W,TND8,T4PY,FR30,TNUX,TZI6,FLX3,FVV0,TNXK,TNWK,T6U0,FC9Y,F0KQ,TRKK,TSZT,TBZI,TRB3,FJWI,F0HN,T17Z,TW90,FX99,FBQJ,TMZY,THZH,TXLL,TK2X,T9MI,T8A0,T33Z,TQ0M,FLCG,FX88,TPCZ,TZ46,T5GB,TQF4,FX89,TZKX,TAIJ,T01Z,FLTY,TV6F,FMZ9,TW8F,TYWR,T5PR,FV4X,FZ69,FEES,T11Z,TV0X,TCIZ,TSKR,TVC0,T6R2,TVWG,T2KA,F0JB,TXC6,F2BZ,F8GB,TY3V,FO4G,FT33,T70Z,TVE6,T6OQ,T85Z,TZMP,TH0K,TZU1,FOJ4,FDLP,F1UV,FSX7,T0PZ,FUBG,T1EO,FVV9,TZ55,T4TW,TI42,FV1C,TIIB,FPIS,FZMX,TTI2,FIVK,FNK9,TK4P,T62Z,T2SK,T76Z,TN85,TBWQ,TUDM,F0DA,F67X,TQY2,F4TQ,TSXE,F67Z,T15Z,T15P,FQFA,F6VC,TFGT,FRIO,FSKR,FA0L,F8T5,T7JF,TOU7,TVVB,F1XB,FABU,TOLF,FQ3P,TZ35,TSB8,TZL6,T7NS,TU6I,F65Q,T04Z,TKED,FFVH,FMVY,T5UP,TMKK,TO48,TX4N,T8BB,TNKY,TPPT,TW5C,TOJS,TYVK,TSAU,TTAV,TPK2,TG3F,TZ11,T29Z,FBY4,TX5K,TYUM,T5ZM,TZ15,TJ1A,TZ38,F11B,FN81,FYAM,TY64,T9BT,FGXK,TKJJ,F2CC,F25Q,FCV1,TXNH,FHKP,TI8E,TKP8,T00Y,TFD3,FJ6K,T2PA,T8VX,FN66,FFM2,T3M5,TZ63,TDNE,F3OT,F8PI,TB0R,FGIO,FMMM,FCHC,FGR8,TBMT,FOS4,FP0Y,T47Z,F5ET,T27Z,F5G0,F3GN,TD9H,TH7D,TBV3,TSN3,F6RC,T7LJ,T0Q1,TAXI,FX84,FGN4,TYTQ,TN10,TSCS,FQ8Y,T7TJ,FC4W,T40Z,TI2E,TGJC,FUI6,T43Z,TIEW,FITF,T102,TV8D,TNX7,FOWL,FDWP,TMM5,F9LX,TV9X,F67N,FSY0,FFGI,FFIT,FUFO,TWIE,TM19,THN4,T010,T21Z,FSUU,F74Q,T3YQ,FAES,FDMM,T0PQ,T90Z,TZR8,THQZ,TV6T,FMMY,THZS,T32Z,T4VT,T52S,TQNR,T5I8,F6EB,FNQO,T9D8,T6VS,T54Z,TWIW,FAF7,TZMV,TZ12,FXH1,F7A5,TQ6H,FQWB,FFLS,FY82,TA6I,FTRX,FCY3,FR00,TDFM,FQZ0,FZEG,FYGW,TNAK,T3S6,FDGI,T1YU,FZ97,FIX8,TAN0,FNOT,TWBS,TSMU,TPGT,TZ66,T00Z,FZMM,TSJR,TOV5,F9WL,T86Z,T4A3,TZ33,T3NL,TTWD,FRRI,TT2O,TZYF,T5SG,TAET,TVD7,TY8C,FC4F,T77Z,FEBZ,T4R0,F4XZ,FFDX,TRMB,TDY4,T9R3,F8DC,T6UA,F5P1,FFJF,F4F2,TEQQ,FPL4,F6YE,F9P8
2942/TAT/HO/10/2020|20096821|TZTW,TW90,F9XD,T11Z,TYL2,FQFO,FX88,T7ZB,TZ46,T5GB,TQF4,FX89,TZKX,T01Z,FZW6,TV6F,T75Z,FMZ9,F4L2,TGZS,TW8F,TRB3,T5PR,FEES,TV0X,T04Z,TVC0,T5UP,FQ00,F4ZG,TL1W,TVWG,T2KA,F25Q,FJAV,FA8J,TXC6,F2BZ,F8GB,FPIS,F0KQ,TY3V,TLY1,T70Z,TVE6,T85Z,F0HN,TZMP,TH0K,TZU1,FX99,FBQJ,TMZY,THZH,F1UV,TXNH,TK2X,FUBG,TNK9,T8A0,FLCG,FV4X,FVV9,F65S,F0JB,TPCZ,TZ55,TI42,FV1C,TIIB,FZMX,TTI2,FLTY,TK4P,T62Z,T2SK,T76Z,FBFJ,TN85,TBWQ,TKB4,F67X,TQY2,F4TQ,F67Z,TN5P,T15Z,T15P,T6R2,F6VC,TFGT,FSKR,FA0L,TWCO,TOU7,FABU,TG3F,FC9Y,FT33,TZ35,TJ1A,TZL6,T6OQ,FJWI,F65Q,TY64,FDLP,FSX7,TKED,TFD3,T1EO,TMKK,TO48,TX4N,T8BB,TNKY,TPPT,T4TW,TOJS,TYVK,TSAU,TTAV,TPK2,T9KF,TZ11,FIVK,TAIJ,T29Z,FBY4,FNK9,TX5K,TYUM,T5ZM,TZ15,TZ38,TUDM,F11B,FZ69,F0DA,FGXK,TKJJ,FCV1,FHKP,TI8E,TKP8,TCIZ,TSKR,FJ6K,TH7D,FMVY,T8VX,FN66,FRIO,FFM2,F8T5,T7JF,TN10,TVVB,F1XB,TOLF,T9D8,FQ3P,FO4G,TB0R,TSB8,FGIO,FMMM,FCHC,FGR8,TU6I,TBMT,FOS4,FP0Y,T47Z,FOJ4,F5ET,TNX7,T27Z,TMM5,T0PZ,T3S6,TD9H,TSN3,T7LJ,T0Q1,TAXI,TW5C,TYTQ,TZ63,TSCS,FQ8Y,FC4W,T40Z,TI2E,TGJC,FUI6,T43Z,TIEW,FN81,FITF,TV6T,T102,T9BT,F2CC,TOV5,TV8D,FOWL,T00Y,TSXE,FDWP,F9LX,TV9X,THZS,FSY0,FQFA,T2PA,FFIT,FUFO,TWIE,TFU5,TM19,T3M5,THN4,T010,T21Z,F3OT,T3YQ,FXH1,F8PI,FDMM,T0PQ,TA6I,T90Z,F3GN,T32Z,T4VT,FFVH,T52S,F6RC,TQNR,T8OU,FX84,FGN4,T5I8,T6VS,T54Z,F74Q,FAF7,TZMV,TZ12,F7A5,FQWB,T7TJ,FFLS,TZ66,FTRX,FYAM,TSJR,FR00,FZEG,F5G0,T1YU,FIX8,TDNE,FSUU,TWBS,FAES,F8DC,TPGT,T00Z,THQZ,F9P8,FMMY,F9WL,TZ33,T3NL,TTWD,TT2O,TZYF,TBV3,T5SG,TZ78,TVD7,TY8C,FC4F,T77Z,TRUR,F5LH,F6EB,TXLL,FEBZ,TWIW,T4R0,F4XZ,FFDX,TRMB,TDY4,THO9,TQ6H,T6UA,F5P1,FFJF,F4F2,TEQQ,FY82,F6YE,TZR8,TXGG,T10Z,FZMM,FCY3,TDFM,FQZ0,TZ00,FYGW,TRBN,TCTY,TMKV,F67N,TFN8,FFGI,T9EY,TAN0,FNOT,FEDT,TZ89,FG90,TSMU,TOVJ,FGAL,FGDY,TPR3,F1G1,T0V5,TRIF,TNAK,T7NS,TOC2,T8MG,FRRI,T07Z,TAET,TOPX,T9DA,T0DC,TAZV,FNQO,TR3J,TLO2,TB3W,T8OA,TZ5D,FT52,TBYQ,TSWR,FW2Q,FATV,TDJX,FX96,FBJQ,TLQA,TFEB,TZ47,TECK,T5MN,FYZA,T86Z,FFYK,FJJ7,FDGI,T4RV,TUSF,TY43,TQ0M,FT5I,FZ97,TN3I,TWLH,TOFI,TUQU,T0HP,TCXG,TVV5,FLHX,TDM3,T3S4,FYQT,TDR2,TSZO,FN9F,F06I,F9P5,TUG6,T2P6,T4DS,T4A3,TDWO,FQE7,FG4Q,T0QW,TGT6,TJ4I,T69Z,T3S1,TKOU,TVZN,FZP9,TPEP,TLE6,TBY8,TZWN,TID5,T9R3,T6W4,FT31,T92Z,TT8K,FUTY,FPL4,FZOI,TIQP,T36Z,T121,F1JT,TAF9,FR51,FQ26,TE2K,T9MI,FQIA,T4LD,FGC0,T33Z,FR0N,TFP2,TND8,T4PY,FR30,TNUX,FGHH,TZI6,FLX3,FVV0,TNXK,TNWK,T2I7,T6U0,T2RN,TRKK,TSZT,TBZI,TYWR,T17Z
2942/TAT/HO/10/2020|20100105|TQY2,F1UV,TK2X,FUBG,FQ00,F4ZG,TL1W,FVV9,TFGT,F0JB,FJAV,TI42,FV1C,FA8J,TIIB,FZMX,TTI2,TLY1,TB0R,T62Z,T2SK,T76Z,TN85,TZL6,F65Q,FX99,FBQJ,TMZY,THZH,F67X,F4TQ,TOV5,FPIS,F67Z,TNK9,T8A0,T15Z,T15P,F6VC,FLCG,FV4X,F65S,TNKY,TPCZ,FSKR,FA0L,TOU7,FABU,TG3F,TZ11,FLTY,TOVJ,TZ35,FBFJ,TJ1A,TY64,TKB4,TKED,TN5P,TFD3,T6R2,TMKK,TO48,TX4N,T8BB,TPPT,TOJS,TYVK,TSAU,TWCO,TTAV,TPK2,T9KF,FC9Y,T29Z,FBY4,TX5K,FT33,TYUM,T5ZM,TZ15,TZ38,T6OQ,F11B,FJWI,F0DA,FGXK,TKJJ,FDLP,FCV1,FSX7,FHKP,TI8E,TKP8,FJ6K,TH7D,T1EO,T8VX,TQ0M,FN66,FFM2,T4TW,TN10,TSCS,FIVK,TAIJ,FNK9,FGIO,FMMM,TUDM,FCHC,FGR8,TIEW,TBMT,FOS4,FZ69,FP0Y,T47Z,F5ET,TNX7,T27Z,TCIZ,TMM5,TSKR,TD9H,FMVY,TSN3,FRIO,T7LJ,T0Q1,TAXI,F8T5,TYTQ,T7JF,TVVB,F1XB,TOLF,FQ3P,FQ8Y,T3YQ,FO4G,FC4W,TSB8,T40Z,TI2E,TGJC,TA6I,FUI6,T43Z,TU6I,FITF,TV6T,T102,FOJ4,TV8D,FOWL,TSXE,FDWP,F9LX,T0PZ,TV9X,THZS,FSY0,FFIT,FUFO,TWIE,TFU5,TM19,TW5C,THN4,T010,TZ63,T21Z,TZ12,FXH1,FDMM,T0PQ,T90Z,FN81,T9BT,F2CC,T00Y,T32Z,T4VT,FQFA,T2PA,T52S,TQNR,T5I8,T3M5,T6VS,T54Z,FAF7,TZMV,F3OT,F7A5,F8PI,FQWB,FFLS,TZ66,FTRX,TSJR,FR00,FZEG,T04Z,F3GN,FFVH,T1YU,T5UP,FIX8,F6RC,FX84,TRUR,FGN4,TWBS,F74Q,F8DC,T7TJ,TPGT,FYAM,T00Z,F9P8,TZ00,F9WL,F5G0,TXNH,TZ33,T3NL,TTWD,TT2O,TZYF,T5SG,TZ78,TVD7,TY8C,FC4F,T77Z,F5LH,TXLL,FEBZ,TDNE,FSUU,T4R0,F4XZ,FFDX,TRMB,TDY4,THO9,FAES,T6UA,F5P1,FFJF,F4F2,TEQQ,F6YE,TXGG,T10Z,THQZ,TRIF,FMMY,TRBN,TCTY,TMKV,TFN8,TBV3,T9EY,FEDT,F6EB,TR3J,TZ89,FG90,TWIW,TQ6H,FGAL,FY82,FGDY,TPR3,TZR8,F1G1,FZMM,FCY3,T0V5,TDFM,T5MN,FQZ0,FYGW,T7NS,F67N,FFGI,TOC2,T8MG,T07Z,TOPX,T9DA,T0DC,TAN0,FNOT,TAZV,TLO2,TB3W,T8OA,TZ5D,TSMU,FT52,TBYQ,FW2Q,FATV,TDJX,FX96,FBJQ,TLQA,TFEB,TZ47,TECK,T2P6,FYZA,TNAK,FJJ7,T4RV,FRRI,TY43,TAET,TN3I,FNQO,TOFI,TBY8,T9D8,TUQU,T0HP,TCXG,TVV5,TSWR,TDM3,T3S4,FYQT,TDR2,TSZO,FN9F,T121,F06I,F9P5,T4DS,T86Z,FFYK,TDWO,FDGI,T0QW,T3S6,TUSF,TGT6,TJ4I,FT5I,FZ97,T69Z,T4PY,T3S1,TKOU,TWLH,TVZN,FZP9,TPEP,TLE6,TZWN,TID5,T6U0,FT31,FLHX,T92Z,TT8K,FUTY,FZOI,TUG6,TAF9,T11Z,T4A3,FQ26,TE2K,FQE7,FG4Q,T9MI,T4LD,FGC0,T33Z,FR0N,TFP2,TND8,FR30,TNUX,TZI6,FLX3,FVV0,T5GB,TNXK,TNWK,T9R3,TRKK,T6W4,FPL4,TSZT,TBZI,TIQP,T36Z,TYWR,T5PR,T17Z,TZU1,TW90,F1JT,FR51,FQIA,TYL2,TVWG,FGHH,T8OU,FX88,TZ46,TQF4,FX89,TZKX,T2I7,T2RN,T01Z,TV6F,FMZ9,TW8F,TZTW,F9XD,FEES,TV0X,TVC0,FQFO,T2KA,T7ZB,F25Q,TZ55,TXC6,F2BZ,F8GB,F0KQ,TY3V,FZW6,TK4P,T70Z,T75Z,TBWQ,TVE6,F4L2,TGZS,T85Z,TRB3,F0HN,TZMP,TH0K
2942/TAT/HO/10/2020|20102652|FX99,F0DA,FBQJ,TMZY,FGXK,THZH,TKJJ,FCV1,FHKP,TI8E,TKP8,TNK9,T8A0,FJ6K,TH7D,FLCG,FV4X,F65S,T8VX,FN66,FFM2,TPCZ,TN10,TSCS,FBY4,FLTY,FBFJ,FGIO,FMMM,FCHC,FGR8,TIEW,TBMT,FOS4,FP0Y,T47Z,F5ET,TKB4,TNX7,T27Z,TMM5,TD9H,TN5P,T6R2,TSN3,T7LJ,T0Q1,TAXI,TYTQ,TWCO,T9KF,FC9Y,FQ8Y,T3YQ,FT33,FC4W,T40Z,TI2E,TGJC,TA6I,FUI6,T6OQ,T43Z,FITF,TV6T,T102,FDLP,TV8D,FSX7,FOWL,TSXE,FDWP,F9LX,TV9X,TOV5,THZS,FSY0,T1EO,FFIT,FUFO,TWIE,TFU5,TM19,T4TW,THN4,T010,T21Z,FIVK,TAIJ,FNK9,TZ12,FXH1,FDMM,T0PQ,TOVJ,TUDM,T90Z,FJWI,FZ69,TCIZ,TSKR,T32Z,T4VT,FMVY,T52S,TQNR,FRIO,T5I8,F8T5,T7JF,TVVB,F1XB,TOLF,T6VS,T54Z,FQ3P,FAF7,TZMV,F7A5,FO4G,FQWB,FFLS,TSB8,TZ66,FTRX,TU6I,T00Z,TSJR,FOJ4,FR00,FZEG,T0PZ,T1YU,FIX8,TQ0M,TW5C,TRUR,TZ63,TWBS,F8DC,TPGT,FN81,F9P8,T9BT,F2CC,TZ00,F9WL,T00Y,TZ33,T3NL,TTWD,FQFA,TT2O,T2PA,TZYF,T5SG,TZ78,TVD7,TY8C,FC4F,T77Z,F5LH,T3M5,TXLL,FEBZ,T4R0,F4XZ,FFDX,F3OT,TRMB,TDY4,THO9,F8PI,T6UA,F5P1,FFJF,F4F2,TEQQ,F6YE,TXGG,T10Z,TRIF,TRBN,TCTY,TMKV,F3GN,TFN8,FFVH,T9EY,F6RC,FX84,FGN4,FEDT,TR3J,TZ89,FG90,F74Q,FGAL,T7TJ,FGDY,TPR3,F1G1,FYAM,T0V5,T5MN,F5G0,T7NS,TOC2,T8MG,T07Z,TOPX,T9DA,T0DC,TAZV,TDNE,FSUU,TLO2,TB3W,T8OA,TZ5D,FT52,FAES,TBYQ,FW2Q,FATV,TDJX,FX96,FBJQ,TLQA,THQZ,TFEB,TZ47,TECK,FMMY,T2P6,FYZA,FJJ7,T4RV,T04Z,TY43,TBV3,T5UP,TN3I,F6EB,TOFI,TBY8,TWIW,TUQU,T0HP,TCXG,TQ6H,TVV5,FY82,TDM3,T3S4,FYQT,TZR8,TDR2,TSZO,FN9F,T121,FZMM,FCY3,F06I,F9P5,TDFM,FQZ0,FYGW,T4DS,TDWO,F67N,TXNH,T0QW,FFGI,TGT6,TJ4I,T4PY,TKOU,TAN0,TVZN,FZP9,FNOT,TPEP,TLE6,TZWN,TID5,T6U0,TSMU,FT31,T92Z,TT8K,FUTY,FZOI,T17Z,TAF9,TNAK,T11Z,FQ26,TE2K,T9MI,FRRI,T4LD,FGC0,T33Z,FR0N,TFP2,TAET,TND8,FR30,TNUX,TZI6,FLX3,FVV0,T5GB,TNXK,FNQO,TNWK,TRKK,TSWR,TSZT,TBZI,TYWR,T5PR,TZU1,TW90,T86Z,FFYK,FDGI,TUSF,FT5I,FZ97,T69Z,T3S1,TVWG,TWLH,FX88,TZ46,TQF4,FX89,TZKX,T01Z,FLHX,TV6F,FMZ9,TW8F,TH0K,TUG6,FEES,T4A3,TV0X,FQE7,FG4Q,TVC0,T2KA,F25Q,TZ55,TXC6,F2BZ,F8GB,F0KQ,TY3V,T9D8,T9R3,T6W4,TK4P,T70Z,FPL4,TBWQ,TVE6,TIQP,T36Z,T85Z,F0HN,TZMP,F1JT,TQY2,FR51,F1UV,FQIA,FUBG,T3S6,TYL2,FVV9,FGHH,TFGT,F0JB,TI42,FV1C,T2I7,TIIB,FZMX,TTI2,T2RN,TB0R,T62Z,T2SK,T76Z,TN85,TZL6,F65Q,TZTW,F9XD,F67X,F4TQ,FPIS,F67Z,T15Z,T15P,F6VC,FQFO,TNKY,T7ZB,FSKR,FA0L,TOU7,FABU,TG3F,TZ11,FZW6,TZ35,T75Z,F4L2,TJ1A,TGZS,TRB3,TY64,TK2X,TKED,TFD3,FQ00,F4ZG,TMKK,TL1W,TO48,TX4N,T8BB,TPPT,FJAV,T8OU,TOJS,TYVK,TSAU,FA8J,TTAV,TPK2,T29Z,TX5K,TLY1,TYUM,T5ZM,TZ15,TZ38,F11B
2942/TAT/HO/10/2020|20103298|T00Z,FOJ4,FR00,FZEG,F5G0,T0PZ,T1YU,FIX8,TW5C,TRUR,TZ63,TWBS,T9D8,TPGT,FN81,T10Z,F9P8,T9BT,FFJF,F2CC,TZ00,F9WL,T00Y,TZ33,T3NL,TTWD,FQFA,TT2O,T2PA,TZYF,T3S6,T5SG,TVD7,TY8C,FC4F,T77Z,F5LH,T3M5,TXLL,FEBZ,T4R0,F4XZ,FFDX,F3OT,TRMB,TDY4,F8PI,T6UA,F5P1,F4F2,TEQQ,F6YE,TXGG,TRIF,TRBN,TCTY,TMKV,F3GN,TFN8,FFVH,T9EY,F6RC,FX84,FGN4,FEDT,TR3J,TZ89,FG90,F74Q,FGAL,T7TJ,FGDY,TPR3,F1G1,FYAM,THQZ,TFEB,T0V5,T5MN,T7NS,TOC2,T8MG,T07Z,TOPX,T9DA,T0DC,TAZV,T8OU,TDNE,FSUU,TLO2,TB3W,T8OA,TZ5D,FT52,FAES,TBYQ,TZ66,FW2Q,FATV,TDJX,FX96,FBJQ,TLQA,TYWR,FN9F,TZ47,TECK,FMMY,T2P6,FYZA,FJJ7,T4RV,TY43,TBV3,TN3I,F6EB,TOFI,TBY8,TWIW,TUQU,T0HP,TCXG,TQ6H,TVV5,FY82,TDM3,T3S4,FYQT,TZR8,TDR2,TSZO,T121,FZMM,FCY3,F06I,F9P5,TDFM,FQZ0,FYGW,T4DS,TDWO,F67N,T0QW,FFGI,TGT6,TJ4I,T4PY,TKOU,TAN0,TVZN,FZP9,FNOT,TPEP,TLE6,TZWN,TID5,T6U0,TSMU,FT31,T92Z,TT8K,FUTY,FZOI,T5PR,T17Z,TAF9,TNAK,T11Z,FQ26,TE2K,T9MI,FRRI,TOV5,T4LD,FGC0,T33Z,FR0N,TFP2,TAET,TND8,FR30,TNUX,TZI6,FLX3,FVV0,T5GB,TNXK,FNQO,TNWK,TRKK,TSWR,TOVJ,TSZT,TBZI,TZU1,TW90,F9XD,T86Z,FFYK,FPIS,FDGI,TUSF,FT5I,FZ97,T69Z,T3S1,TVWG,TWLH,FX88,TZ46,TQF4,FX89,TZKX,TG3F,T01Z,FLHX,TV6F,FMZ9,TW8F,F0HN,TZMP,TH0K,TUG6,FEES,T4A3,TV0X,FQE7,FG4Q,TVC0,T2KA,TQ0M,F25Q,TZ55,TXC6,F2BZ,F8GB,F0KQ,TY3V,T9R3,T6W4,TK4P,T70Z,FPL4,TBWQ,TVE6,TIQP,T36Z,T85Z,F8DC,F1JT,TQY2,FR51,F1UV,FQIA,FUBG,TNK9,TYL2,FV4X,FVV9,FGHH,TFGT,TI42,FV1C,T2I7,TIIB,FZMX,TTI2,T2RN,TB0R,T62Z,T2SK,T76Z,TN85,TZL6,F65Q,TZTW,F67X,F4TQ,F67Z,T15Z,F0JB,T15P,F6VC,FQFO,TNKY,T7ZB,FSKR,FA0L,TOU7,FABU,TZ11,FZW6,TZ35,T75Z,F4L2,TJ1A,TGZS,TRB3,TY64,TK2X,TKED,TFD3,FQ00,F4ZG,TMKK,TL1W,TO48,TX4N,T8BB,TPPT,FJAV,TOJS,TYVK,TSAU,FA8J,TTAV,TPK2,T29Z,TX5K,TLY1,TYUM,T5ZM,TZ15,TZ38,F11B,TBMT,FOS4,FX99,F0DA,FBQJ,TMZY,FGXK,THZH,TKJJ,FCV1,FHKP,TI8E,TKP8,T8A0,FJ6K,TH7D,FMVY,T04Z,FLCG,F65S,T8VX,FN66,T5UP,FFM2,TPCZ,TN10,TSCS,FBY4,FLTY,FBFJ,FGIO,FMMM,T0PQ,FCHC,FGR8,TIEW,FITF,FP0Y,T47Z,TSJR,F5ET,TKB4,TNX7,T27Z,TMM5,TXNH,TD9H,TN5P,T6R2,TSN3,T7LJ,T0Q1,TAXI,TYTQ,TWCO,T9KF,FC9Y,FQ8Y,T3YQ,FT33,FC4W,T40Z,TI2E,TGJC,TA6I,FUI6,T6OQ,T43Z,TV6T,T102,FDLP,TV8D,FSX7,FOWL,TSXE,FDWP,F9LX,TV9X,THZS,FSY0,T1EO,FFIT,FUFO,TWIE,TZ78,TFU5,TM19,THN4,T010,T21Z,FIVK,TAIJ,FNK9,TZ12,FXH1,THO9,FDMM,TUDM,T90Z,FJWI,FZ69,T4TW,TCIZ,TSKR,T32Z,T4VT,T52S,TQNR,FRIO,T5I8,F8T5,T7JF,TVVB,F1XB,TOLF,T6VS,T54Z,FQ3P,FAF7,TZMV,F7A5,FO4G,FQWB,FFLS,TSB8,FTRX,TU6I
2942/TAT/HO/10/2020|20103299|T10Z,F9P8,T9BT,FFJF,F2CC,TZ00,F9WL,T00Y,TZ33,T3NL,TTWD,FQFA,TT2O,T2PA,TZYF,T3S6,T5SG,TVD7,TY8C,FC4F,T77Z,F5LH,T3M5,TXLL,FEBZ,T4R0,F4XZ,FFDX,F3OT,TRMB,TDY4,F8PI,T6UA,F5P1,F4F2,TEQQ,F6YE,TXGG,FYAM,TRIF,TRBN,TCTY,TMKV,F3GN,TFN8,FFVH,T9EY,F6RC,FX84,FGN4,FEDT,TR3J,TZ89,FG90,F74Q,FGAL,T7TJ,FGDY,TPR3,F1G1,THQZ,TFEB,T0V5,T5MN,T7NS,TOC2,T8MG,T07Z,TOPX,T9DA,T0DC,TAZV,T8OU,TDNE,FSUU,TLO2,TB3W,T8OA,TZ5D,FT52,FAES,TBYQ,TZ66,FW2Q,FATV,TDJX,FX96,FBJQ,TLQA,TYWR,FN9F,TZ47,TECK,FMMY,T2P6,FYZA,FJJ7,T4RV,TY43,TBV3,TN3I,F6EB,TOFI,TBY8,TWIW,TUQU,T0HP,TCXG,TQ6H,TVV5,FY82,TDM3,T3S4,FYQT,TZR8,TDR2,TSZO,T121,FZMM,FCY3,F06I,F9P5,TDFM,FQZ0,FYGW,T4DS,TDWO,F67N,T0QW,FFGI,TGT6,TJ4I,T4PY,TKOU,TAN0,TVZN,FZP9,FNOT,TPEP,TLE6,TZWN,TID5,T6U0,TSMU,FT31,T92Z,TT8K,FUTY,FZOI,T5PR,T17Z,TAF9,TNAK,T11Z,FQ26,TE2K,T9MI,FRRI,TOV5,T4LD,FGC0,T33Z,FR0N,TFP2,TAET,TND8,FR30,TNUX,TZI6,FLX3,FVV0,T5GB,TNXK,FNQO,TNWK,TRKK,TSWR,TOVJ,TSZT,TBZI,TZU1,TW90,F9XD,T86Z,FFYK,FPIS,FDGI,TUSF,FT5I,FZ97,T69Z,T3S1,TVWG,TWLH,FX88,TZ46,TQF4,FX89,TZKX,TG3F,T01Z,FLHX,TV6F,FMZ9,TW8F,F0HN,TZMP,TH0K,TUG6,FEES,T4A3,TV0X,FQE7,FG4Q,TVC0,T2KA,TQ0M,F25Q,TZ55,TXC6,F2BZ,F8GB,F0KQ,TY3V,T9R3,T6W4,TK4P,T70Z,FPL4,TBWQ,TVE6,TIQP,T36Z,T85Z,F8DC,F1JT,TQY2,FR51,F1UV,FQIA,FUBG,TNK9,TYL2,FV4X,FVV9,FGHH,TFGT,TI42,FV1C,T2I7,TIIB,FZMX,TTI2,T2RN,TB0R,T62Z,T2SK,T76Z,TN85,TZL6,F65Q,TZTW,F67X,F4TQ,F67Z,T15Z,F0JB,T15P,F6VC,FQFO,TNKY,T7ZB,FSKR,FA0L,TOU7,FABU,TZ11,FZW6,TZ35,T75Z,F4L2,TJ1A,TGZS,TRB3,TY64,TK2X,TKED,TFD3,FQ00,F4ZG,TMKK,TL1W,TO48,TX4N,T8BB,TPPT,FJAV,TOJS,TYVK,TSAU,FA8J,TTAV,TPK2,T29Z,TX5K,TLY1,TYUM,T5ZM,TZ15,TZ38,F11B,TBMT,FOS4,FX99,F0DA,FBQJ,TMZY,FGXK,THZH,TKJJ,FCV1,FHKP,TI8E,TKP8,T8A0,FJ6K,TH7D,FMVY,T04Z,FLCG,F65S,T8VX,FN66,T5UP,FFM2,TPCZ,TN10,TSCS,FBY4,FLTY,FBFJ,FGIO,FMMM,T0PQ,FCHC,FGR8,TIEW,FITF,FP0Y,T47Z,TSJR,F5ET,TKB4,TNX7,T27Z,TMM5,TXNH,TD9H,TN5P,T6R2,TSN3,T7LJ,T0Q1,TAXI,TYTQ,TWCO,T9KF,FC9Y,FQ8Y,T3YQ,FT33,FC4W,T40Z,TI2E,TGJC,TA6I,FUI6,T6OQ,T43Z,TV6T,T102,FDLP,TV8D,FSX7,FOWL,TSXE,FDWP,F9LX,TV9X,THZS,FSY0,T1EO,FFIT,FUFO,TWIE,TZ78,TFU5,TM19,THN4,T010,T21Z,FIVK,TAIJ,FNK9,TZ12,FXH1,THO9,FDMM,TUDM,T90Z,FJWI,FZ69,T4TW,TCIZ,TSKR,T32Z,T4VT,T52S,TQNR,FRIO,T5I8,F8T5,T7JF,TVVB,F1XB,TOLF,T6VS,T54Z,FQ3P,FAF7,TZMV,F7A5,FO4G,FQWB,FFLS,TSB8,FTRX,TU6I,T00Z,FOJ4,FR00,FZEG,F5G0,T0PZ,T1YU,FIX8,TW5C,TRUR,TZ63,TWBS,T9D8,TPGT,FN81
2942/TAT/HO/10/2020|20103364|FYAM,TRIF,TRBN,TCTY,TMKV,F3GN,TFN8,FFVH,T9EY,F6RC,FX84,FGN4,FEDT,TR3J,TZ89,FG90,F74Q,FGAL,T7TJ,FGDY,TPR3,F1G1,TYWR,THQZ,TFEB,T0V5,T7NS,TOC2,T8MG,T07Z,TOPX,T9DA,T0DC,TAZV,T8OU,TDNE,FSUU,TLO2,TB3W,T8OA,TZ5D,FT52,FAES,TBYQ,TZ66,FW2Q,FATV,TLE6,TDJX,FX96,FBJQ,TLQA,FN9F,TZ47,T5MN,TECK,FMMY,T2P6,FYZA,FJJ7,T4RV,TY43,TBV3,TN3I,F6EB,TOFI,TBY8,TWIW,TUQU,T0HP,TCXG,TQ6H,TVV5,FY82,TDM3,T3S4,FYQT,TZR8,TDR2,TSZO,T121,FZMM,FCY3,F06I,F9P5,TDFM,FQZ0,FYGW,T4DS,TDWO,F67N,T0QW,FFGI,TGT6,TJ4I,T4PY,TKOU,TAN0,TVZN,FZP9,FNOT,TPEP,TZWN,TID5,T6U0,TSMU,FT31,T92Z,TT8K,FUTY,FZOI,T5PR,T17Z,TAF9,TNAK,T11Z,FQ26,TE2K,T9MI,FRRI,TOV5,T4LD,FGC0,T33Z,FR0N,TFP2,TAET,TND8,FR30,TNUX,TZI6,FLX3,FVV0,T5GB,TNXK,FNQO,TNWK,TRKK,TSWR,TOVJ,TSZT,TBZI,TZU1,TW90,F9XD,T86Z,FFYK,FPIS,FDGI,TUSF,FT5I,FZ97,T69Z,T3S1,TVWG,TWLH,FX88,TZ46,TQF4,FX89,TZKX,TG3F,T01Z,FLHX,TV6F,FMZ9,TW8F,F0HN,TZMP,TH0K,TUG6,FEES,T4A3,TV0X,FQE7,FG4Q,TVC0,T2KA,TQ0M,F25Q,TZ55,TXC6,F2BZ,F8GB,F0KQ,TY3V,T9R3,T6W4,TK4P,T70Z,FPL4,TBWQ,TVE6,TIQP,T36Z,T85Z,F8DC,F1JT,TQY2,FR51,F1UV,FQIA,FUBG,TNK9,TYL2,FV4X,FVV9,FGHH,TFGT,TI42,FV1C,T2I7,TIIB,FZMX,TTI2,T2RN,TB0R,T62Z,T2SK,T76Z,TN85,TZL6,F65Q,TZTW,F67X,F4TQ,F67Z,T15Z,F0JB,T15P,F6VC,FQFO,TNKY,T7ZB,FSKR,FA0L,TOU7,FABU,TZ11,FZW6,TZ35,T75Z,F4L2,TJ1A,TGZS,TRB3,TY64,TK2X,TKED,TFD3,FQ00,F4ZG,TMKK,TL1W,TO48,TX4N,T8BB,TPPT,FJAV,TOJS,TYVK,TSAU,FA8J,TTAV,TPK2,T29Z,TX5K,TLY1,TYUM,T5ZM,TZ15,TZ38,F11B,TBMT,FOS4,FX99,F0DA,FBQJ,TMZY,FGXK,THZH,TKJJ,FCV1,FHKP,TI8E,TKP8,T8A0,FJ6K,TH7D,FMVY,T04Z,FLCG,F65S,T8VX,FN66,T5UP,FFM2,TPCZ,TN10,TSCS,FBY4,FLTY,FBFJ,FGIO,FMMM,T0PQ,FCHC,FGR8,TIEW,FITF,FP0Y,T47Z,TSJR,F5ET,TKB4,TNX7,T27Z,TMM5,TXNH,TD9H,TN5P,T6R2,TSN3,T7LJ,T0Q1,TAXI,TYTQ,TWCO,T9KF,FC9Y,FQ8Y,T3YQ,FT33,FC4W,T40Z,TI2E,TGJC,TA6I,FUI6,T6OQ,T43Z,TV6T,T102,FDLP,TV8D,FSX7,FOWL,TSXE,FDWP,F9LX,TV9X,THZS,FSY0,T1EO,FFIT,FUFO,TWIE,TZ78,TFU5,TM19,THN4,T010,T21Z,FIVK,TAIJ,FNK9,TZ12,FXH1,THO9,FDMM,TUDM,T90Z,FJWI,FZ69,T4TW,TCIZ,TSKR,T32Z,T4VT,T52S,TQNR,FRIO,T5I8,F8T5,T7JF,TVVB,F1XB,TOLF,T6VS,T54Z,FQ3P,FAF7,TZMV,F7A5,FO4G,FQWB,FFLS,TSB8,FTRX,TU6I,T00Z,FOJ4,FR00,FZEG,F5G0,T0PZ,T1YU,FIX8,TW5C,TRUR,TZ63,TWBS,T9D8,TPGT,FN81,T10Z,F9P8,T9BT,FFJF,F2CC,TZ00,F9WL,T00Y,TZ33,T3NL,TTWD,FQFA,TT2O,T2PA,TZYF,T3S6,T5SG,TVD7,TY8C,FC4F,T77Z,F5LH,T3M5,TXLL,FEBZ,T4R0,F4XZ,FFDX,F3OT,TRMB,TDY4,F8PI,T6UA,F5P1,F4F2,TEQQ,F6YE,TXGG
3078/TAT/HO/11/2020|20103254|FP0Y,T47Z,TSJR,F5ET,TKB4,TNX7,T27Z,TMM5,TXNH,TD9H,TN5P,T6R2,TSN3,T7LJ,T0Q1,TAXI,TYTQ,TWCO,T9KF,FC9Y,FQ8Y,T3YQ,FT33,FC4W,T40Z,TI2E,TGJC,TA6I,FUI6,T6OQ,T43Z,FITF,TV6T,T102,FDLP,TV8D,FSX7,FOWL,TSXE,FDWP,F9LX,TV9X,THZS,FSY0,T1EO,FFIT,FUFO,TWIE,TZ78,TFU5,TM19,T4TW,THN4,T010,T21Z,FIVK,TAIJ,FNK9,TZ12,FXH1,THO9,FDMM,T0PQ,TUDM,T90Z,FJWI,FZ69,TCIZ,TSKR,T32Z,T4VT,T52S,TQNR,FRIO,T5I8,F8T5,T7JF,TVVB,F1XB,TOLF,T6VS,T54Z,FQ3P,FAF7,TZMV,F7A5,FO4G,FQWB,FFLS,TSB8,FTRX,TU6I,T00Z,FOJ4,FR00,FZEG,F5G0,T0PZ,T1YU,FIX8,TW5C,TRUR,TZ63,TWBS,T9D8,TPGT,FN81,F9P8,T9BT,F2CC,TZ00,F9WL,T00Y,TZ33,T3NL,TTWD,FQFA,TT2O,T2PA,TZYF,T3S6,T5SG,TVD7,TY8C,FC4F,T77Z,F5LH,T3M5,TXLL,FEBZ,T4R0,F4XZ,FFDX,F3OT,TRMB,TDY4,F8PI,T6UA,F5P1,FFJF,F4F2,TEQQ,F6YE,TXGG,T10Z,TRIF,TRBN,TCTY,TMKV,F3GN,TFN8,FFVH,T9EY,F6RC,FX84,FGN4,FEDT,TR3J,TZ89,FG90,F74Q,FGAL,T7TJ,FGDY,TPR3,F1G1,FYAM,TFEB,T0V5,T5MN,T7NS,TOC2,T8MG,T07Z,TOPX,T9DA,T0DC,TAZV,T8OU,TDNE,FSUU,TLO2,TB3W,T8OA,TZ5D,FT52,FAES,TBYQ,TZ66,FW2Q,FATV,TDJX,FX96,FBJQ,TLQA,TYWR,THQZ,TZ47,TECK,FMMY,T2P6,FYZA,FJJ7,T4RV,TY43,TBV3,TN3I,F6EB,TOFI,TBY8,TWIW,TUQU,T0HP,TCXG,TQ6H,TVV5,FY82,TDM3,T3S4,FYQT,TZR8,TDR2,TSZO,FN9F,T121,FZMM,FCY3,F06I,F9P5,TDFM,FQZ0,FYGW,T4DS,TDWO,F67N,T0QW,FFGI,TGT6,TJ4I,T4PY,TKOU,TAN0,TVZN,FZP9,FNOT,TPEP,TLE6,TZWN,TID5,T6U0,TSMU,FT31,T92Z,TT8K,FUTY,FZOI,T17Z,TAF9,TNAK,T11Z,FQ26,TE2K,T9MI,FRRI,TOV5,T4LD,FGC0,T33Z,FR0N,TFP2,TAET,TND8,FR30,TNUX,TZI6,FLX3,FVV0,T5GB,TNXK,FNQO,TNWK,TRKK,TSWR,TOVJ,TSZT,TBZI,T5PR,TZU1,TW90,F9XD,T86Z,FFYK,FPIS,FDGI,TUSF,FT5I,FZ97,T69Z,T3S1,TVWG,TWLH,FX88,TZ46,TQF4,FX89,TZKX,TG3F,T01Z,FLHX,TV6F,FMZ9,TW8F,TZMP,TH0K,TUG6,FEES,T4A3,TV0X,FQE7,FG4Q,TVC0,T2KA,TQ0M,F25Q,TZ55,TXC6,F2BZ,F8GB,F0KQ,TY3V,T9R3,T6W4,TK4P,T70Z,FPL4,TBWQ,TVE6,TIQP,T36Z,T85Z,F0HN,F8DC,F1JT,TQY2,FR51,F1UV,FQIA,FUBG,TNK9,TYL2,FV4X,FVV9,FGHH,TFGT,F0JB,TI42,FV1C,T2I7,TIIB,FZMX,TTI2,T2RN,TB0R,T62Z,T2SK,T76Z,TN85,TZL6,F65Q,TZTW,F67X,F4TQ,F67Z,T15Z,T15P,F6VC,FQFO,TNKY,T7ZB,FSKR,FA0L,TOU7,FABU,TZ11,FZW6,TZ35,T75Z,F4L2,TJ1A,TGZS,TRB3,TY64,TK2X,TKED,TFD3,FQ00,F4ZG,TMKK,TL1W,TO48,TX4N,T8BB,TPPT,FJAV,TOJS,TYVK,TSAU,FA8J,TTAV,TPK2,T29Z,TX5K,TLY1,TYUM,T5ZM,TZ15,TZ38,F11B,FX99,F0DA,FBQJ,TMZY,FGXK,THZH,TKJJ,FCV1,FHKP,TI8E,TKP8,T8A0,FJ6K,TH7D,FMVY,T04Z,FLCG,F65S,T8VX,FN66,T5UP,FFM2,TPCZ,TN10,TSCS,FBY4,FLTY,FBFJ,FGIO,FMMM,FCHC,FGR8,TIEW,TBMT,FOS4
3078/TAT/HO/11/2020|20103255|TV6T,T102,FDLP,TV8D,FSX7,FOWL,TSXE,FDWP,F9LX,TV9X,THZS,FSY0,T1EO,FFIT,FUFO,TWIE,TZ78,TFU5,TM19,THN4,T010,T21Z,FIVK,TAIJ,FNK9,TZ12,FXH1,THO9,FDMM,TUDM,T90Z,FJWI,FZ69,T4TW,TCIZ,TSKR,T32Z,T4VT,T52S,TQNR,FRIO,T5I8,F8T5,T7JF,TVVB,F1XB,TOLF,T6VS,T54Z,FQ3P,FAF7,TZMV,F7A5,FO4G,FQWB,FFLS,TSB8,FTRX,TU6I,T00Z,FOJ4,FR00,FZEG,F5G0,T0PZ,T1YU,FIX8,TW5C,TRUR,TZ63,TWBS,T9D8,TPGT,FN81,T10Z,F9P8,T9BT,F2CC,TZ00,F9WL,T00Y,TZ33,T3NL,TTWD,FQFA,TT2O,T2PA,TZYF,T3S6,T5SG,TVD7,TY8C,FC4F,T77Z,F5LH,T3M5,TXLL,FEBZ,T4R0,F4XZ,FFDX,F3OT,TRMB,TDY4,F8PI,T6UA,F5P1,FFJF,F4F2,TEQQ,F6YE,TXGG,TRIF,TRBN,TCTY,TMKV,F3GN,TFN8,FFVH,T9EY,F6RC,FX84,FGN4,FEDT,TR3J,TZ89,FG90,F74Q,FGAL,T7TJ,FGDY,TPR3,F1G1,FYAM,THQZ,TFEB,T0V5,T5MN,T7NS,TOC2,T8MG,T07Z,TOPX,T9DA,T0DC,TAZV,T8OU,TDNE,FSUU,TLO2,TB3W,T8OA,TZ5D,FT52,FAES,TBYQ,TZ66,FW2Q,FATV,TDJX,FX96,FBJQ,TLQA,TYWR,FN9F,TZ47,TECK,FMMY,T2P6,FYZA,FJJ7,T4RV,TY43,TBV3,TN3I,F6EB,TOFI,TBY8,TWIW,TUQU,T0HP,TCXG,TQ6H,TVV5,FY82,TDM3,T3S4,FYQT,TZR8,TDR2,TSZO,T121,FZMM,FCY3,F06I,F9P5,TDFM,FQZ0,FYGW,T4DS,TDWO,F67N,T0QW,FFGI,TGT6,TJ4I,T4PY,TKOU,TAN0,TVZN,FZP9,FNOT,TPEP,TLE6,TZWN,TID5,T6U0,TSMU,FT31,T92Z,TT8K,FUTY,FZOI,T5PR,T17Z,TAF9,TNAK,T11Z,FQ26,TE2K,T9MI,FRRI,TOV5,T4LD,FGC0,T33Z,FR0N,TFP2,TAET,TND8,FR30,TNUX,TZI6,FLX3,FVV0,T5GB,TNXK,FNQO,TNWK,TRKK,TSWR,TOVJ,TSZT,TBZI,TZU1,TW90,F9XD,T86Z,FFYK,FPIS,FDGI,TUSF,FT5I,FZ97,T69Z,T3S1,TVWG,TWLH,FX88,TZ46,TQF4,FX89,TZKX,TG3F,T01Z,FLHX,TV6F,FMZ9,TW8F,F0HN,TZMP,TH0K,TUG6,FEES,T4A3,TV0X,FQE7,FG4Q,TVC0,T2KA,TQ0M,F25Q,TZ55,TXC6,F2BZ,F8GB,F0KQ,TY3V,T9R3,T6W4,TK4P,T70Z,FPL4,TBWQ,TVE6,TIQP,T36Z,T85Z,F8DC,F1JT,TQY2,FR51,F1UV,FQIA,FUBG,TNK9,TYL2,FV4X,FVV9,FGHH,TFGT,F0JB,TI42,FV1C,T2I7,TIIB,FZMX,TTI2,T2RN,TB0R,T62Z,T2SK,T76Z,TN85,TZL6,F65Q,TZTW,F67X,F4TQ,F67Z,T15Z,T15P,F6VC,FQFO,TNKY,T7ZB,FSKR,FA0L,TOU7,FABU,TZ11,FZW6,TZ35,T75Z,F4L2,TJ1A,TGZS,TRB3,TY64,TK2X,TKED,TFD3,FQ00,F4ZG,TMKK,TL1W,TO48,TX4N,T8BB,TPPT,FJAV,TOJS,TYVK,TSAU,FA8J,TTAV,TPK2,T29Z,TX5K,TLY1,TYUM,T5ZM,TZ15,TZ38,F11B,FOS4,FX99,F0DA,FBQJ,TMZY,FGXK,THZH,TKJJ,FCV1,FHKP,TI8E,TKP8,T8A0,FJ6K,TH7D,FMVY,T04Z,FLCG,F65S,T8VX,FN66,T5UP,FFM2,TPCZ,TN10,TSCS,FBY4,FLTY,FBFJ,FGIO,FMMM,T0PQ,FCHC,FGR8,TIEW,TBMT,FP0Y,T47Z,TSJR,F5ET,TKB4,TNX7,T27Z,TMM5,TXNH,TD9H,TN5P,T6R2,TSN3,T7LJ,T0Q1,TAXI,TYTQ,TWCO,T9KF,FC9Y,FQ8Y,T3YQ,FT33,FC4W,T40Z,TI2E,TGJC,TA6I,FUI6,T6OQ,T43Z,FITF
3078/TAT/HO/11/2020|20103256|FZ69,T4TW,TCIZ,TSKR,T32Z,T4VT,T52S,TQNR,FRIO,T5I8,F8T5,T7JF,TVVB,F1XB,TOLF,T6VS,T54Z,FQ3P,FAF7,TZMV,F7A5,FO4G,FQWB,FFLS,TSB8,FTRX,TU6I,T00Z,FOJ4,FR00,FZEG,F5G0,T0PZ,T1YU,FIX8,TW5C,TRUR,TZ63,TWBS,T9D8,TPGT,FN81,T10Z,F9P8,T9BT,FFJF,F2CC,TZ00,F9WL,T00Y,TZ33,T3NL,TTWD,FQFA,TT2O,T2PA,TZYF,T3S6,T5SG,TVD7,TY8C,FC4F,T77Z,F5LH,T3M5,TXLL,FEBZ,T4R0,F4XZ,FFDX,F3OT,TRMB,TDY4,F8PI,T6UA,F5P1,F4F2,TEQQ,F6YE,TXGG,TRIF,TRBN,TCTY,TMKV,F3GN,TFN8,FFVH,T9EY,F6RC,FX84,FGN4,FEDT,TR3J,TZ89,FG90,F74Q,FGAL,T7TJ,FGDY,TPR3,F1G1,FYAM,THQZ,TFEB,T0V5,T5MN,T7NS,TOC2,T8MG,T07Z,TOPX,T9DA,T0DC,TAZV,T8OU,TDNE,FSUU,TLO2,TB3W,T8OA,TZ5D,FT52,FAES,TBYQ,TZ66,FW2Q,FATV,TDJX,FX96,FBJQ,TLQA,TYWR,FN9F,TZ47,TECK,FMMY,T2P6,FYZA,FJJ7,T4RV,TY43,TBV3,TN3I,F6EB,TOFI,TBY8,TWIW,TUQU,T0HP,TCXG,TQ6H,TVV5,FY82,TDM3,T3S4,FYQT,TZR8,TDR2,TSZO,T121,FZMM,FCY3,F06I,F9P5,TDFM,FQZ0,FYGW,T4DS,TDWO,F67N,T0QW,FFGI,TGT6,TJ4I,T4PY,TKOU,TAN0,TVZN,FZP9,FNOT,TPEP,TLE6,TZWN,TID5,T6U0,TSMU,FT31,T92Z,TT8K,FUTY,FZOI,T5PR,T17Z,TAF9,TNAK,T11Z,FQ26,TE2K,T9MI,FRRI,TOV5,T4LD,FGC0,T33Z,FR0N,TFP2,TAET,TND8,FR30,TNUX,TZI6,FLX3,FVV0,T5GB,TNXK,FNQO,TNWK,TRKK,TSWR,TOVJ,TSZT,TBZI,TZU1,TW90,F9XD,T86Z,FFYK,FPIS,FDGI,TUSF,FT5I,FZ97,T69Z,T3S1,TVWG,TWLH,FX88,TZ46,TQF4,FX89,TZKX,TG3F,T01Z,FLHX,TV6F,FMZ9,TW8F,F0HN,TZMP,TH0K,TUG6,FEES,T4A3,TV0X,FQE7,FG4Q,TVC0,T2KA,TQ0M,F25Q,TZ55,TXC6,F2BZ,F8GB,F0KQ,TY3V,T9R3,T6W4,TK4P,T70Z,FPL4,TBWQ,TVE6,TIQP,T36Z,T85Z,F8DC,F1JT,TQY2,FR51,F1UV,FQIA,FUBG,TNK9,TYL2,FV4X,FVV9,FGHH,TFGT,F0JB,TI42,FV1C,T2I7,TIIB,FZMX,TTI2,T2RN,TB0R,T62Z,T2SK,T76Z,TN85,TZL6,F65Q,TZTW,F67X,F4TQ,F67Z,T15Z,T15P,F6VC,FQFO,TNKY,T7ZB,FSKR,FA0L,TOU7,FABU,TZ11,FZW6,TZ35,T75Z,F4L2,TJ1A,TGZS,TRB3,TY64,TK2X,TKED,TFD3,FQ00,F4ZG,TMKK,TL1W,TO48,TX4N,T8BB,TPPT,FJAV,TOJS,TYVK,TSAU,FA8J,TTAV,TPK2,T29Z,TX5K,TLY1,TYUM,T5ZM,TZ15,TZ38,F11B,TBMT,FOS4,FX99,F0DA,FBQJ,TMZY,FGXK,THZH,TKJJ,FCV1,FHKP,TI8E,TKP8,T8A0,FJ6K,TH7D,FMVY,T04Z,FLCG,F65S,T8VX,FN66,T5UP,FFM2,TPCZ,TN10,TSCS,FBY4,FLTY,FBFJ,FGIO,FMMM,T0PQ,FCHC,FGR8,TIEW,FP0Y,T47Z,TSJR,F5ET,TKB4,TNX7,T27Z,TMM5,TXNH,TD9H,TN5P,T6R2,TSN3,T7LJ,T0Q1,TAXI,TYTQ,TWCO,T9KF,FC9Y,FQ8Y,T3YQ,FT33,FC4W,T40Z,TI2E,TGJC,TA6I,FUI6,T6OQ,T43Z,FITF,TV6T,T102,FDLP,TV8D,FSX7,FOWL,TSXE,FDWP,F9LX,TV9X,THZS,FSY0,T1EO,FFIT,FUFO,TWIE,TZ78,TFU5,TM19,THN4,T010,T21Z,FIVK,TAIJ,FNK9,TZ12,FXH1,THO9,FDMM,TUDM,T90Z,FJWI
3165/TAT/HO/12/2020|10003453|THZH,TFU5,TOC2,T5UP,T8A0,FLCG,TOPX,T9DA,F0JB,T54Z,T0DC,TPCZ,TAZV,T17Z,TTWD,TB3W,FT52,TIQP,TBYQ,FW2Q,FATV,TDJX,FX96,FBJQ,TLQA,TFEB,FX99,FBQJ,TMZY,T33Z,FOJ4,T1YU,TFD3,FQ00,T4RV,T6R2,TN3I,TOFI,F74Q,TUQU,TCXG,TVV5,T00Z,FT33,TDM3,TQNR,T3S4,FYQT,TDR2,T6OQ,FN9F,F06I,FZ69,TECK,T2P6,T4DS,FDLP,F5G0,TDWO,FSX7,FZ97,T0QW,TGT6,T1EO,TJ4I,TVD7,TKOU,TVZN,FZP9,T4TW,TLE6,TBY8,TZWN,FZW6,FPIS,FIVK,F0KQ,FNK9,FT31,TT8K,FUTY,T11Z,TUDM,F0HN,T121,TAF9,FQ26,TE2K,T4LD,FGC0,FR0N,TFP2,FQFA,TND8,T4PY,FR30,TNUX,FRIO,TZI6,FLX3,TQ0M,FVV0,TNXK,F8T5,T7JF,TVVB,T6U0,TOLF,FQ3P,TRKK,TSB8,TSZT,TBZI,TU6I,TH7D,TJ1A,F1G1,TXLL,T8MG,T07Z,FFGI,TYTQ,FX88,T8OA,TZ46,T5GB,TW5C,TXC6,FX89,TZKX,FYAM,T01Z,TV6F,TOVJ,FMZ9,TW8F,T8OU,T5PR,FN81,TK2X,TW90,T4A3,TRIF,F2CC,FEES,TNK9,FFYK,TV0X,T00Y,TVC0,T2PA,TVWG,TMM5,T2KA,FXH1,T3M5,F2BZ,TZ63,TY3V,F3OT,F8PI,F1XB,TZ47,TA6I,T70Z,T5MN,TVE6,T85Z,TZMP,TH0K,TZU1,T9BT,F1UV,T92Z,FUBG,F3GN,TPEP,TBV3,FVV9,TID5,F6RC,TZ55,FX84,FGN4,TI42,TIIB,FZMX,T9D8,T3S6,TK4P,T7TJ,T2SK,TN85,TBWQ,T76Z,T36Z,TNAK,F0DA,F67X,F4TQ,TSXE,F67Z,F65S,F67N,TN10,F6VC,TFGT,F8GB,FSKR,FA0L,TNWK,TOU7,FSUU,FABU,F8DC,FAES,TZ35,TZL6,T7NS,F65Q,THQZ,FMMY,TKED,TMKK,TQF4,TO48,TG3F,TX4N,F5LH,TNKY,TPPT,TZMV,TOJS,TYVK,TSAU,F6EB,TTAV,FNQO,TPK2,TWIW,TZ11,T29Z,FBY4,TX5K,TQ6H,TYUM,T5ZM,TZ15,FY82,TZ38,TNX7,F11B,TY64,F9XD,TKJJ,TDFM,FQZ0,FYGW,F25Q,FCV1,TN5P,FHKP,TI8E,TKP8,FDGI,FJ6K,TKB4,TLY1,T8VX,FN66,FFM2,TAN0,FNOT,FC9Y,TSCS,TSMU,TB0R,FGIO,FMMM,FCHC,FGR8,TBMT,FOS4,TMKV,THZS,FZMM,FCY3,FGXK,F5ET,T27Z,T86Z,F9LX,TD9H,FRRI,TSN3,TAET,T7LJ,TTI2,TR3J,TAIJ,TLO2,TSKR,FQ8Y,T9R3,T62Z,TZR8,FC4W,T40Z,TI2E,TGJC,FUI6,FPL4,T43Z,TIEW,FITF,T102,FP0Y,T47Z,T15Z,TQY2,TV8D,T15P,FOWL,FDWP,TV9X,FSY0,FQIA,TUSF,FFIT,FUFO,T21Z,TWIE,FT5I,T2I7,FGHH,TM19,TWLH,THN4,T010,FO4G,THO9,T3YQ,T2RN,FLHX,FDMM,T0PQ,TWCO,TV6T,TCIZ,TUG6,T0PZ,TRUR,T32Z,T4VT,FMVY,T69Z,T52S,T5I8,FV1C,T6VS,FAF7,TZ12,TXGG,F7A5,TPGT,T6W4,FQWB,T10Z,FFLS,F9P5,FTRX,FG4Q,TSWR,FV4X,FZEG,TAXI,FR51,T9MI,FIX8,FJAV,TWBS,FA8J,T04Z,TYWR,TZ66,TRBN,FR00,F1JT,F9WL,T9KF,FFVH,F4XZ,TZ33,T3NL,T0Q1,TT2O,TZYF,FLTY,T5SG,TYL2,FQFO,TY8C,T3S1,FC4F,TZ5D,T77Z,T7ZB,T8BB,FEBZ,T9EY,T4R0,TXNH,FFDX,TRMB,TDY4,T6UA,F5P1,T90Z,FFJF,F4F2,TSJR,TEQQ,T0V5,FBFJ,T75Z,F6YE,F4L2,TGZS,F9P8,TZTW,TZ00,TY43,TZ78,TCTY,FQE7,TSZO,TFN8,F4ZG,TL1W,TDNE,T0HP,FEDT,TZ89,FZOI,FG90,TOV5,FGAL,TRB3,FGDY,TPR3,FYZA,FJJ7,FJWI
3165/TAT/HO/12/2020|20040893|F5G0,FPIS,T11Z,TH7D,TJ1A,TNK9,FFYK,TFD3,TMM5,FXH1,TA6I,T36Z,TNAK,TN10,F8DC,TG3F,F5LH,TNX7,F9XD,TMKV,THZS,TR3J,TLO2,TZR8,T2I7,THO9,TRUR,FMVY,TXGG,T10Z,F9P5,FV4X,T9MI,TYWR,TZ66,TRBN,TZ5D,TSJR,T0V5,TY43,TZ78,FQE7,T0HP,TRB3,FYZA,FJJ7,F0JB,T33Z,F74Q
3165/TAT/HO/12/2020|20040894|TH7D,TJ1A,TNK9,FFYK,TFD3,TMM5,FXH1,TA6I,T36Z,TNAK,TN10,F8DC,TG3F,F5LH,TNX7,F9XD,TMKV,THZS,TR3J,TLO2,TZR8,T2I7,THO9,TRUR,FMVY,TXGG,T10Z,F9P5,FV4X,T9MI,TYWR,TZ66,TRBN,TZ5D,TSJR,T0V5,TY43,TZ78,FQE7,T0HP,TRB3,FYZA,FJJ7,F0JB,T33Z,F74Q,F5G0,FPIS,T11Z
3165/TAT/HO/12/2020|20052038|TN10,F8DC,TG3F,F5LH,TNX7,F9XD,TMKV,THZS,TR3J,TLO2,TZR8,T2I7,THO9,TRUR,FMVY,TXGG,T10Z,F9P5,FV4X,T9MI,TYWR,TZ66,TRBN,TZ5D,TSJR,T0V5,TY43,TZ78,FQE7,T0HP,TRB3,FYZA,FJJ7,F0JB,T33Z,F74Q,F5G0,FPIS,T11Z,TH7D,TJ1A,TNK9,FFYK,TFD3,TMM5,FXH1,TA6I,T36Z,TNAK
3165/TAT/HO/12/2020|20054748|TG3F,F5LH,TNX7,F9XD,TMKV,THZS,TR3J,TLO2,TZR8,T2I7,THO9,TRUR,FMVY,TXGG,T10Z,F9P5,FV4X,T9MI,TYWR,TZ66,TRBN,TZ5D,TSJR,T0V5,TY43,TZ78,FQE7,T0HP,TRB3,FYZA,FJJ7,F0JB,T33Z,F74Q,F5G0,FPIS,T11Z,TH7D,TJ1A,TNK9,FFYK,TFD3,TMM5,FXH1,TA6I,T36Z,TNAK,TN10,F8DC
3165/TAT/HO/12/2020|20056050|F9XD,TMKV,THZS,TR3J,TLO2,TZR8,T2I7,THO9,TRUR,FMVY,TXGG,T10Z,F9P5,FV4X,T9MI,TYWR,TZ66,TRBN,TZ5D,TSJR,T0V5,TY43,TZ78,FQE7,T0HP,TRB3,FYZA,FJJ7,F0JB,T33Z,F74Q,F5G0,FPIS,T11Z,TH7D,TJ1A,TNK9,FFYK,TFD3,TMM5,FXH1,TA6I,T36Z,TNAK,TN10,F8DC,TG3F,F5LH,TNX7
3165/TAT/HO/12/2020|20056053|TR3J,TLO2,TZR8,T2I7,THO9,TRUR,FMVY,TXGG,T10Z,F9P5,FV4X,T9MI,TYWR,TZ66,TRBN,TZ5D,TSJR,T0V5,TY43,TZ78,FQE7,T0HP,TRB3,FYZA,FJJ7,F0JB,T33Z,F74Q,F5G0,FPIS,T11Z,TH7D,TJ1A,TNK9,FFYK,TFD3,TMM5,FXH1,TA6I,T36Z,TNAK,TN10,F8DC,TG3F,F5LH,TNX7,F9XD,TMKV,THZS
3165/TAT/HO/12/2020|20080431|TMM5,F0JB,T04Z,TYWR,FMVY,F0JB,FPIS,TXNH,T04Z,TSJR,TYWR,TZ78,F0JB,FPIS,TXNH,T04Z,TOV5,TSJR,F5G0,TZ78,T5UP,FPIS,TXNH,TOV5,TSJR,F5G0,TZ78,T9D8,TFD3,T5UP,TRB3,TOV5,F5G0,T9D8,TFD3,T5UP,TRB3,T9D8,TFD3,TQ0M,TRB3,T8OU,TQ0M,T8OU,TQ0M,T8OU,T3S6,F9XD,TOVJ,THO9,T3S6,F9XD,TOVJ,TG3F,THO9,T3S6,F9XD,TNK9,TOVJ,TG3F,THO9,TZ66,TNK9,TG3F,TZ66,FV4X,TMM5,TNK9,FMVY,TZ66,FV4X,TMM5,FMVY,TYWR,FV4X
3165/TAT/HO/12/2020|20093523|THZS,FXH1,F8DC,TNAK,F5LH,THO9,TSJR,FFYK,F9XD,FQE7,TZ78,TRUR,TR3J,TLO2,T36Z,TXGG,T10Z,TRBN,TMKV,T0V5,F9P5,TZ5D,FYZA,FJJ7,T9MI,TY43,T2I7,T0HP,TYWR,FV4X,TNK9,F0JB,TRB3,T33Z,FPIS,T11Z,FMVY,TFD3,F5G0,TG3F,TJ1A,TH7D,TN10,TA6I,TNX7,TMM5,F74Q,TZ66,TZR8
3165/TAT/HO/12/2020|20096808|T9MI,T33Z,T2I7,TYWR,F9XD,T11Z,TRB3,FV4X,T04Z,T5UP,FPIS,TXNH,TNK9,F0JB,TG3F,TJ1A,TFD3,TH7D,FMVY,TN10,T9D8,TNX7,TMM5,T3S6,TOV5,THZS,FXH1,TA6I,T8OU,F74Q,TZ66,TSJR,F5G0,F8DC,TZ78,TRUR,F5LH,THO9,TZR8,TXGG,T10Z,TRBN,TMKV,TOVJ,T0V5,TNAK,TR3J,TLO2,TZ5D,FYZA,FFYK,FJJ7,TY43,TQ0M,T0HP,F9P5,FQE7,T36Z
3165/TAT/HO/12/2020|20106981|TYWR,F9P5,TLO2,TZ66,TNAK,T11Z,T33Z,TG3F,T9MI,F9XD,FFYK,FPIS,TNK9,T2I7,FQE7,TJ1A,T36Z,TRB3,F8DC,FV4X,TH7D,F0JB,TN10,TSJR,TNX7,TMM5,TFD3,THZS,FMVY,TZ78,FXH1,TA6I,TRUR,THO9,T10Z,TXGG,TRBN,F5G0,TMKV,F74Q,T0V5,F5LH,TZ5D,FYZA,FJJ7,TY43,TR3J,T0HP,TZR8
3166/TAT/HO/12/2020|20069777|T9D8,TQ0M,TQ0M,TOVJ,T8OU,TOVJ,T8OU,T3S6,T3S6,T04Z,TXNH,T04Z,TXNH,TOV5,T5UP,TOV5,T9D8,T5UP
3166/TAT/HO/12/2020|20080424|T9D8,TQ0M,TQ0M,TOVJ,T8OU,TOVJ,T8OU,T3S6,T3S6,T04Z,TXNH,T04Z,TXNH,TOV5,T5UP,TOV5,T9D8,T5UP
3166/TAT/HO/12/2020|20080425|TQ0M,TOVJ,T8OU,TOVJ,T8OU,T3S6,T3S6,T04Z,TXNH,T04Z,TXNH,TOV5,T5UP,TOV5,T9D8,T5UP,T9D8,TQ0M
3166/TAT/HO/12/2020|20080433|TXNH,TOV5,T5UP,TOV5,T9D8,T5UP,T9D8,TQ0M,T8OU,TQ0M,T8OU,T3S6,TOVJ,T3S6,TOVJ,T04Z,TXNH,T04Z
3166/TAT/HO/12/2020|20080438|T8OU,T3S6,TOVJ,T3S6,TOVJ,T04Z,TXNH,T04Z,TXNH,TOV5,T5UP,TOV5,T9D8,T5UP,T9D8,TQ0M,T8OU,TQ0M
3166/TAT/HO/12/2020|20085199|T9D8,TQ0M,T8OU,TQ0M,T8OU,T3S6,TOVJ,T3S6,TOVJ,T04Z,TXNH,T04Z,TXNH,TOV5,T5UP,TOV5,T9D8,T5UP
3166/TAT/HO/12/2020|20085776|TOVJ,T04Z,TXNH,T04Z,TXNH,TOV5,T5UP,TOV5,T9D8,T5UP,T9D8,T3S6,TQ0M,T3S6,T8OU,TQ0M,T8OU,TOVJ
3166/TAT/HO/12/2020|20089872|TQ0M,TXNH,T04Z,TXNH,TOV5,TOV5,T9D8,T3S6,T9D8,T3S6,T8OU,T8OU,TOVJ,TOVJ,T5UP,T5UP,TQ0M,T04Z
3166/TAT/HO/12/2020|20092879|TOV5,T8OU,T8OU,TOVJ,TOVJ,TQ0M,TQ0M,T04Z,T5UP,TXNH,T04Z,T5UP,TXNH,T9D8,T3S6,T9D8,TOV5,T3S6
3166/TAT/HO/12/2020|20093337|TXNH,T9D8,T3S6,T9D8,TOV5,T3S6,TOV5,T8OU,T8OU,TOVJ,TOVJ,TQ0M,TQ0M,T04Z,T5UP,TXNH,T04Z,T5UP
3166/TAT/HO/12/2020|20096765|TQ0M,T04Z,T5UP,TXNH,T04Z,T5UP,TXNH,T9D8,T3S6,T9D8,TOV5,T3S6,TOV5,T8OU,T8OU,TOVJ,TOVJ,TQ0M
3166/TAT/HO/12/2020|20098731|TXNH,T04Z,T9D8,T3S6,T9D8,TOV5,T3S6,TOV5,T8OU,T8OU,TOVJ,TOVJ,TQ0M,TQ0M,T5UP,TXNH,T04Z,T5UP
3166/TAT/HO/12/2020|20099546|T8OU,TOVJ,TOVJ,TQ0M,TQ0M,T5UP,TXNH,T04Z,T5UP,TXNH,T04Z,T9D8,T3S6,T9D8,TOV5,T3S6,TOV5,T8OU
3166/TAT/HO/12/2020|20100941|TQ0M,T04Z,T5UP,TXNH,T04Z,T5UP,TXNH,T9D8,T3S6,T9D8,T3S6,T8OU,T8OU,TOV5,TOVJ,TOV5,TOVJ,TQ0M
3166/TAT/HO/12/2020|20103699|T8OU,TOV5,TOVJ,TOV5,TOVJ,TQ0M,TQ0M,T04Z,T5UP,TXNH,T04Z,T5UP,TXNH,T9D8,T3S6,T9D8,T3S6,T8OU
3167/TAT/HO/12/2020|20079902|TMKV,FEES,THZS,T1YU,TV0X,T9MI,TVC0,TVWG,T2KA,F2BZ,F8GB,TY3V,TOV5,T70Z,TZ66,T00Z,TVE6,T85Z,TZMP,TH0K,TZU1,F1UV,T92Z,FUBG,T5UP,FVV9,TZ55,TI42,TIIB,FZMX,TK4P,T2SK,TN85,TBWQ,F0DA,F67X,F4TQ,TSXE,T9D8,F67Z,F6VC,TFGT,FSKR,FA0L,TNWK,TOU7,FABU,TZ35,TQNR,TZL6,T7NS,F65Q,F1G1,TKED,TRUR,TMKK,TO48,TX4N,F0JB,TNKY,TPPT,TOJS,T8OA,TYVK,TSAU,TTAV,TPK2,TZ11,T29Z,FBY4,TX5K,TYUM,TXGG,T5ZM,TZ15,T10Z,TZ38,F9P5,F11B,TYWR,TY64,TKJJ,F25Q,FCV1,FHKP,TI8E,TKP8,FJ6K,T8VX,FN66,FFM2,TSCS,TQ0M,TB0R,FGIO,TZ47,FMMM,T5MN,FCHC,FGR8,TRBN,TBMT,FOS4,FGXK,F5ET,T27Z,F9LX,TD9H,TPEP,TSN3,TYTQ,T7LJ,TID5,TZ5D,FV1C,FPIS,FQ8Y,T62Z,FC4W,T40Z,TI2E,TGJC,TSJR,FUI6,T0V5,T76Z,T43Z,TOVJ,TIEW,FITF,T102,FP0Y,T8OU,T47Z,TQY2,TV8D,TY43,FOWL,TZ78,FDWP,TV9X,FSY0,FFIT,FUFO,T21Z,TWIE,TM19,T0HP,THN4,T010,T3YQ,FDMM,T0PQ,T17Z,FYZA,TV6T,FJJ7,T32Z,T4VT,T52S,TQF4,T5I8,T6VS,FAF7,TZ12,F7A5,TPGT,FQWB,FFLS,T3S6,FTRX,FR00,FZEG,T33Z,TAXI,TFD3,FIX8,TWBS,TA6I,F9WL,F4XZ,TZ33,T3NL,TT2O,TZYF,T5SG,TY8C,FC4F,T77Z,TTI2,T8BB,FEBZ,T9EY,T4R0,FFDX,TRMB,TDY4,T6UA,F5P1,FFJF,F4F2,TEQQ,F6YE,T11Z,F9P8,TZ00,TCTY,T15Z,T15P,TFN8,FEDT,TZ89,FZOI,FG90,F8DC,FGAL,FGDY,TPR3,TFU5,TOC2,TOPX,T9DA,T0DC,F5LH,TAZV,TTWD,TB3W,FT52,TBYQ,FW2Q,FATV,TDJX,FX96,FBJQ,TLQA,TFEB,T4RV,TN3I,TMM5,TOFI,FXH1,TUQU,TCXG,TVV5,TDM3,T3S4,FYQT,TDR2,FN9F,F06I,TECK,T2P6,T4DS,TDWO,T0QW,TGT6,T0Q1,TJ4I,TVD7,TKOU,TVZN,FZP9,TLE6,TR3J,TBY8,TZWN,TLO2,F0KQ,FT31,TT8K,T90Z,FUTY,F0HN,T121,TAF9,TH7D,FQ26,TE2K,TSZO,T4LD,FGC0,FR0N,TFP2,TND8,T4PY,FR30,TNUX,TN10,TZI6,FLX3,FVV0,TNXK,T6U0,THO9,TRKK,TJ1A,T04Z,TSZT,TBZI,TRIF,TXLL,T8MG,T07Z,FX88,T54Z,TG3F,TZMV,TZ46,T5GB,TXC6,FX89,TZKX,T01Z,TXNH,TV6F,FMZ9,TW8F,T5PR,TNX7,TW90
3167/TAT/HO/12/2020|20080340|F1UV,FQE7,FUBG,T5UP,FVV9,TZ55,TI42,TIIB,FZMX,TK4P,T2SK,TN85,TBWQ,TMM5,F67X,F4TQ,TSXE,T9D8,F67Z,F6VC,TFGT,FSKR,FA0L,TNWK,TOU7,FABU,TZ35,F1G1,TQNR,TZL6,T7NS,F65Q,TKED,TRUR,TMKK,TO48,TX4N,TNKY,TPPT,TOJS,T8OA,TYVK,TSAU,TTAV,TPK2,TZ11,T29Z,FBY4,TX5K,TYUM,TXGG,T5ZM,TZ15,T10Z,TZ38,F11B,TYWR,TY64,TKJJ,F25Q,FCV1,FHKP,TI8E,TKP8,FJ6K,T8VX,FN66,FFM2,TSCS,TQ0M,TB0R,FGIO,TZ47,FMMM,T5MN,FCHC,FGR8,TRBN,TBMT,FOS4,FGXK,F5ET,T27Z,F9LX,TD9H,TPEP,TSN3,TYTQ,T7LJ,TID5,TZ5D,FV1C,FPIS,FQ8Y,T62Z,FC4W,T40Z,TI2E,TGJC,TSJR,FUI6,T0V5,T76Z,T43Z,TOVJ,TIEW,FITF,T102,FP0Y,T8OU,T47Z,TQY2,TV8D,TY43,FOWL,TZ78,FDWP,TV9X,FSY0,FFIT,FUFO,T21Z,TWIE,TM19,T0HP,THN4,T010,T3YQ,FDMM,T0PQ,T17Z,FYZA,TV6T,FJJ7,T32Z,T4VT,T52S,TQF4,T5I8,T6VS,FAF7,TZ12,F7A5,TPGT,FQWB,FFLS,T3S6,FTRX,FR00,FZEG,T33Z,TAXI,TFD3,FIX8,TWBS,TA6I,F9WL,F4XZ,TZ33,T3NL,TT2O,TZYF,T5SG,TY8C,FC4F,T77Z,TTI2,T8BB,FEBZ,T9EY,T4R0,FFDX,TRMB,TDY4,T6UA,F5P1,FFJF,F4F2,TEQQ,F6YE,T11Z,F9P8,TZ00,TCTY,T15Z,T15P,TFN8,FEDT,TZ89,FZOI,FG90,F8DC,FGAL,FGDY,TPR3,TFU5,TOC2,TOPX,T9DA,T0DC,F5LH,TAZV,TTWD,TB3W,FT52,TBYQ,FW2Q,FATV,TDJX,FX96,FBJQ,TLQA,TFEB,TECK,T4RV,TN3I,TOFI,FXH1,TUQU,TCXG,TVV5,TDM3,T3S4,FYQT,TDR2,FN9F,F06I,T2P6,T4DS,TDWO,T0QW,TGT6,T0Q1,TJ4I,TVD7,TKOU,TVZN,FZP9,TLE6,TR3J,TBY8,TZWN,TLO2,FT31,T92Z,TT8K,T90Z,FUTY,T121,TAF9,TH7D,FQ26,TE2K,TSZO,T4LD,FGC0,FR0N,TFP2,TND8,T4PY,FR30,TNUX,TN10,TZI6,FLX3,FVV0,TNXK,T6U0,THO9,TRKK,TJ1A,T04Z,TSZT,TBZI,TRIF,TXLL,T8MG,T07Z,FX88,T54Z,TG3F,TZMV,TZ46,T5GB,TXC6,FX89,TZKX,T01Z,TXNH,TV6F,FMZ9,TW8F,T5PR,TNX7,TW90,TMKV,FEES,THZS,T1YU,TV0X,T9MI,TVC0,TVWG,T2KA,F2BZ,F8GB,TY3V,TOV5,T70Z,TZ66,T00Z,TVE6,T85Z,TZMP,TH0K,TZU1
3167/TAT/HO/12/2020|20083859|F67X,F4TQ,T8OU,T15Z,TSXE,T15P,F67Z,F6VC,TFGT,FSKR,FA0L,TOU7,FABU,FPIS,F74Q,TZ35,TZL6,T7NS,F65Q,F0DA,TKED,TQNR,TMKK,TO48,TX4N,TNKY,TPPT,TOJS,TYVK,TSAU,TTAV,TPK2,TZ11,T29Z,FBY4,TX5K,TYUM,T5ZM,TZ15,TZ38,F11B,TY64,TKJJ,F25Q,FCV1,FHKP,TI8E,TKP8,FJ6K,T8VX,FN66,FFM2,TG3F,TSCS,FXH1,TB0R,FGIO,FMMM,FCHC,T3S6,FGR8,TBMT,FOS4,FGXK,F5ET,T27Z,F9LX,TD9H,TFD3,T0Q1,TSN3,T7LJ,TOVJ,FQ8Y,FC4W,T40Z,TI2E,TGJC,T90Z,FUI6,T43Z,TIEW,FITF,T102,FP0Y,T47Z,TQY2,TV8D,TH7D,FOWL,FDWP,TV9X,FSY0,TSZO,FFIT,FUFO,T21Z,TWIE,TN10,TM19,THN4,T010,T3YQ,TJ1A,FDMM,T0PQ,TV6T,TMM5,T32Z,T4VT,T52S,T5I8,T54Z,TZMV,T6VS,FAF7,TZ12,F7A5,TPGT,FQWB,FFLS,FTRX,TNX7,FR00,FZEG,TMKV,THZS,TAXI,T1YU,FIX8,TWBS,TA6I,T00Z,F9WL,F4XZ,TZ33,T3NL,TT2O,TZYF,T5SG,TY8C,FC4F,T77Z,T8BB,FEBZ,T9EY,T4R0,FFDX,TRMB,TDY4,T6UA,F5P1,FFJF,F4F2,TEQQ,TZ66,F6YE,TSWR,F9P8,TZ00,TCTY,TFN8,FEDT,TZ89,FZOI,FG90,F8DC,FGAL,F1G1,FGDY,TPR3,TSJR,TRIF,TFU5,TZ78,TOC2,T07Z,TRUR,TOPX,T9DA,T3S1,T0DC,F5LH,TAZV,T8OA,TTWD,TB3W,THO9,FT52,TBYQ,FW2Q,TXGG,FATV,T10Z,TDJX,T04Z,FX96,FBJQ,TLQA,TFEB,TECK,T4RV,TN3I,TOFI,TUQU,TCXG,TVV5,TDM3,T3S4,TXNH,TZ47,FYQT,F9P5,TDR2,T5MN,FN9F,TRBN,F06I,T2P6,T4DS,TDWO,FQE7,T0QW,TGT6,TJ4I,TVD7,TPEP,TKOU,TVZN,FZP9,TID5,TLE6,TZ5D,TR3J,TBY8,TZWN,TLO2,FT31,T92Z,TT8K,FUTY,TOV5,T0V5,T76Z,T121,FJJ7,TAF9,TY43,FQ26,TE2K,T4LD,FGC0,FR0N,TFP2,TND8,T4PY,FR30,TNUX,TZI6,FLX3,T5UP,FVV0,TNXK,T0HP,TNWK,T6U0,F0KQ,TRKK,T17Z,TSZT,TBZI,F0HN,FYZA,TXLL,T8MG,T9D8,TQF4,FX88,TZ46,T5GB,FX89,TZKX,T01Z,TV6F,FMZ9,TW8F,T5PR,TW90,FEES,TV0X,T33Z,T9MI,TVC0,TVWG,T2KA,TXC6,F2BZ,F8GB,TY3V,T70Z,TVE6,T85Z,TYWR,TZMP,TH0K,TZU1,F1UV,FUBG,FVV9,TYTQ,F0JB,TZ55,TI42,FV1C,TTI2,TIIB,FZMX,TQ0M,TK4P,T62Z,T2SK,TN85,TBWQ,T11Z
3167/TAT/HO/12/2020|20084902|TKED,TQNR,TMKK,TO48,TX4N,TNKY,TPPT,TOJS,TYVK,TSAU,TTAV,TPK2,TZ11,T29Z,FBY4,TX5K,TYUM,T5ZM,TZ15,TZ38,F11B,TY64,FGXK,TKJJ,F25Q,FCV1,FHKP,TI8E,TKP8,FJ6K,T8VX,FN66,FFM2,TG3F,TSCS,FXH1,TB0R,FGIO,FMMM,FCHC,T3S6,FGR8,TBMT,FOS4,T47Z,F5ET,T27Z,F9LX,TD9H,TFD3,T0Q1,TSN3,T7LJ,TOVJ,FQ8Y,FC4W,T40Z,TI2E,TGJC,T90Z,FUI6,T43Z,TIEW,FITF,T102,FP0Y,TQY2,TV8D,TH7D,FOWL,FDWP,TV9X,FSY0,TSZO,FFIT,FUFO,T21Z,TWIE,TN10,TM19,THN4,T010,T3YQ,TJ1A,FDMM,T0PQ,TV6T,TMM5,T32Z,T4VT,T52S,T5I8,T54Z,TZMV,T6VS,FAF7,TZ12,F7A5,TPGT,FQWB,FFLS,FTRX,TNX7,FR00,FZEG,TMKV,THZS,TAXI,T1YU,FIX8,TWBS,TA6I,T00Z,F9WL,F4XZ,TZ33,T3NL,TT2O,TZYF,T5SG,TY8C,FC4F,T77Z,T8BB,FEBZ,T9EY,T4R0,FFDX,TRMB,TDY4,T6UA,F5P1,FFJF,F4F2,TEQQ,TZ66,F6YE,TSWR,F9P8,TZ00,TCTY,TFN8,FEDT,TZ89,FZOI,FG90,F8DC,FGAL,F1G1,FGDY,TPR3,TSJR,TRIF,TFU5,TZ78,TOC2,T07Z,TRUR,TOPX,T9DA,T3S1,T0DC,F5LH,TAZV,T8OA,TTWD,TB3W,THO9,FT52,TBYQ,FW2Q,TXGG,FATV,T10Z,TDJX,T04Z,FX96,FBJQ,TLQA,TFEB,TECK,T4RV,TN3I,TOFI,TUQU,TCXG,TVV5,TDM3,T3S4,TXNH,TZ47,FYQT,TDR2,T5MN,FN9F,TRBN,F06I,T2P6,T4DS,TDWO,FQE7,T0QW,TGT6,TJ4I,TVD7,TPEP,TKOU,TVZN,FZP9,TID5,TLE6,TZ5D,TR3J,TBY8,TZWN,TLO2,FT31,T92Z,TT8K,FUTY,TOV5,T0V5,T76Z,T121,FJJ7,TAF9,TY43,FQ26,TE2K,T4LD,FGC0,FR0N,TFP2,TND8,T4PY,FR30,TNUX,TZI6,FLX3,T5UP,FVV0,TNXK,T0HP,TNWK,T6U0,F0KQ,TRKK,T17Z,TSZT,TBZI,F0HN,FYZA,TXLL,T8MG,T9D8,TQF4,FX88,TZ46,T5GB,FX89,TZKX,T01Z,TV6F,FMZ9,TW8F,T5PR,TW90,FEES,TV0X,T33Z,T9MI,TVC0,TVWG,T2KA,TXC6,F2BZ,F8GB,TY3V,T70Z,TVE6,T85Z,TYWR,TZMP,TH0K,TZU1,F1UV,FUBG,FVV9,TYTQ,F0JB,TZ55,TI42,FV1C,TTI2,TIIB,FZMX,TQ0M,TK4P,T62Z,T2SK,TN85,TBWQ,T11Z,F67X,F4TQ,T8OU,T15Z,TSXE,T15P,F67Z,F6VC,TFGT,FSKR,FA0L,TOU7,FABU,FPIS,F74Q,TZ35,TZL6,T7NS,F65Q,F0DA
3167/TAT/HO/12/2020|20096065|TRIF,TFU5,TRBN,TMKV,T7NS,TOC2,T8MG,T07Z,TOPX,T9DA,T0DC,TAZV,TB3W,T8OA,FT52,TBYQ,FW2Q,FATV,TDJX,FX96,FBJQ,TLQA,TFEB,T0V5,TECK,T5MN,T4RV,TN3I,TR3J,TOFI,TLO2,TZ5D,TUQU,TCXG,TVV5,TDM3,T3S4,FYQT,TDR2,TSZO,FN9F,TZ47,F06I,T2P6,FYZA,T4DS,TDWO,FJJ7,T0QW,TGT6,TY43,TJ4I,TKOU,TVZN,FZP9,TPEP,TLE6,TBY8,TZWN,TID5,T0HP,TOVJ,FT31,T92Z,TT8K,FUTY,FZOI,T121,TAF9,FQ26,TE2K,T4LD,FGC0,FR0N,TFP2,TND8,T4PY,FR30,TNUX,TZI6,FLX3,FVV0,TNXK,TNWK,T6U0,TRKK,TSZT,TBZI,T17Z,TW90,TXLL,T9MI,T33Z,TQ0M,FX88,TZ46,T5GB,TQF4,FX89,TZKX,T01Z,TV6F,FMZ9,TW8F,TYWR,T5PR,FEES,T11Z,TV0X,TVC0,TVWG,T2KA,TXC6,F2BZ,F8GB,TY3V,T70Z,TVE6,T85Z,TZMP,TH0K,TZU1,F1UV,FUBG,FVV9,TZ55,TI42,FV1C,TIIB,FPIS,FZMX,TTI2,TK4P,T62Z,T2SK,T76Z,TN85,TBWQ,F67X,TQY2,F4TQ,TSXE,F67Z,T15Z,T15P,F6VC,TFGT,FSKR,FA0L,TOU7,FABU,TZ35,TZL6,F65Q,TY64,T04Z,TKED,T5UP,TMKK,TO48,TX4N,T8BB,TNKY,TPPT,TOJS,TYVK,TSAU,TTAV,TPK2,TG3F,TZ11,T29Z,FBY4,TX5K,TYUM,T5ZM,TZ15,TJ1A,TZ38,F11B,FGXK,TKJJ,F25Q,FCV1,TXNH,FHKP,TI8E,TKP8,TFD3,FJ6K,T8VX,FN66,FFM2,TZ63,TB0R,FGIO,FMMM,FCHC,FGR8,TBMT,FOS4,FP0Y,T47Z,F5ET,T27Z,TD9H,TH7D,TSN3,T7LJ,T0Q1,TAXI,TYTQ,TN10,TSCS,FQ8Y,FC4W,T40Z,TI2E,TGJC,FUI6,T43Z,TIEW,FITF,T102,TV8D,TNX7,FOWL,FDWP,TMM5,F9LX,TV9X,FSY0,FFIT,FUFO,TWIE,TM19,THN4,T010,T21Z,T3YQ,FDMM,T0PQ,T90Z,TV6T,THZS,T32Z,T4VT,T52S,TQNR,T5I8,T9D8,T6VS,T54Z,FAF7,TZMV,TZ12,FXH1,F7A5,FQWB,FFLS,TA6I,FTRX,FR00,FZEG,T3S6,T1YU,FIX8,TWBS,TPGT,TZ66,T00Z,TSJR,TOV5,F9WL,TZ33,T3NL,TTWD,TT2O,TZYF,T5SG,TVD7,TY8C,FC4F,T77Z,FEBZ,T4R0,F4XZ,FFDX,TRMB,TDY4,F8DC,T6UA,F5P1,FFJF,F4F2,TEQQ,F6YE,F9P8,TZ00,TCTY,TFN8,T9EY,TZ78,T8OU,TRUR,F5LH,FEDT,TZ89,FG90,THO9,FGAL,TSWR,FGDY,TPR3,TXGG,F1G1,T10Z
3167/TAT/HO/12/2020|20096066|T0V5,TECK,T5MN,T4RV,TN3I,TR3J,TOFI,TLO2,TZ5D,TUQU,TCXG,TVV5,TDM3,T3S4,FYQT,TDR2,TSZO,FN9F,TZ47,T2P6,FYZA,T4DS,TDWO,FJJ7,T0QW,TGT6,TY43,TJ4I,TKOU,TVZN,FZP9,TPEP,TLE6,TBY8,TZWN,TID5,T0HP,TOVJ,FT31,T92Z,TT8K,FUTY,FZOI,T121,TAF9,FQ26,TE2K,T4LD,FGC0,FR0N,TFP2,TND8,T4PY,FR30,TNUX,TZI6,FLX3,FVV0,TNXK,TNWK,T6U0,TRKK,TSZT,TBZI,T17Z,TW90,TXLL,T9MI,T33Z,TQ0M,FX88,TZ46,T5GB,TQF4,FX89,TZKX,T01Z,TV6F,FMZ9,TW8F,TYWR,T5PR,FEES,T11Z,TV0X,TVC0,TVWG,T2KA,TXC6,F2BZ,F8GB,TY3V,T70Z,TVE6,T85Z,TZMP,TH0K,TZU1,F1UV,FUBG,FVV9,TZ55,TI42,FV1C,TIIB,FPIS,FZMX,TTI2,TK4P,T62Z,T2SK,T76Z,TN85,TBWQ,F67X,TQY2,F4TQ,TSXE,F67Z,T15Z,T15P,F6VC,TFGT,FSKR,FA0L,TOU7,FABU,TZ35,TZL6,F65Q,TY64,T04Z,TKED,T5UP,TMKK,TO48,TX4N,T8BB,TNKY,TPPT,TOJS,TYVK,TSAU,TTAV,TPK2,TG3F,TZ11,T29Z,FBY4,TX5K,TYUM,T5ZM,TZ15,TJ1A,TZ38,F11B,FGXK,TKJJ,F25Q,FCV1,TXNH,FHKP,TI8E,TKP8,TFD3,FJ6K,T8VX,FN66,FFM2,TB0R,FGIO,FMMM,FCHC,FGR8,TBMT,FOS4,FP0Y,T47Z,F5ET,T27Z,TD9H,TH7D,TSN3,T7LJ,T0Q1,TAXI,TYTQ,TN10,TSCS,FQ8Y,FC4W,T40Z,TI2E,TGJC,FUI6,T43Z,TIEW,FITF,T102,TV8D,TNX7,FOWL,FDWP,TMM5,F9LX,TV9X,FSY0,FFIT,FUFO,TWIE,TM19,THN4,T010,T21Z,T3YQ,FDMM,T0PQ,T90Z,TV6T,THZS,T32Z,T4VT,T52S,TQNR,T5I8,T9D8,T6VS,T54Z,FAF7,TZMV,TZ12,FXH1,F7A5,FQWB,FFLS,TA6I,FTRX,FR00,FZEG,T3S6,T1YU,FIX8,TWBS,TPGT,TZ66,T00Z,TSJR,TOV5,F9WL,TZ33,T3NL,TTWD,TT2O,TZYF,T5SG,TVD7,TY8C,FC4F,T77Z,FEBZ,T4R0,F4XZ,FFDX,TRMB,TDY4,F8DC,T6UA,F5P1,FFJF,F4F2,TEQQ,F6YE,F9P8,TZ00,TCTY,TFN8,T9EY,TZ78,T8OU,TRUR,F5LH,FEDT,TZ89,FG90,THO9,FGAL,FGDY,TPR3,TXGG,F1G1,T10Z,TRIF,TFU5,TRBN,TMKV,T7NS,TOC2,T8MG,T07Z,TOPX,T9DA,T0DC,TAZV,TB3W,T8OA,FT52,TBYQ,FW2Q,FATV,TDJX,FX96,FBJQ,TLQA,TFEB
3167/TAT/HO/12/2020|20096560|F06I,TUG6,T2P6,FYZA,T4DS,FFYK,TDWO,FJJ7,FG4Q,T0QW,TGT6,TY43,TJ4I,T69Z,T3S1,TKOU,TVZN,FZP9,TPEP,TLE6,TBY8,TZWN,TID5,T0HP,T6W4,TOVJ,FT31,T92Z,TT8K,FUTY,FZOI,TIQP,T121,F9P5,F1JT,TAF9,FR51,FQ26,TE2K,FQE7,T4LD,FGC0,FR0N,TFP2,TND8,T4PY,FR30,TNUX,TZI6,FLX3,FVV0,TNXK,TNWK,T6U0,TRKK,TSZT,TBZI,T36Z,T17Z,TZTW,TW90,T9KF,TXLL,T9MI,T33Z,TQ0M,TYL2,FQFO,FX88,T7ZB,TZ46,T5GB,TQF4,FX89,TZKX,T2I7,T01Z,FZW6,TV6F,T75Z,FMZ9,F4L2,TGZS,TW8F,TYWR,T5PR,FEES,T11Z,TV0X,TVC0,FQ00,F4ZG,TL1W,TVWG,T2KA,F25Q,TXC6,F2BZ,F8GB,F0KQ,TY3V,T70Z,TVE6,T85Z,TRB3,F0HN,TZMP,TH0K,TZU1,FX99,FBQJ,TMZY,THZH,F1UV,TK2X,FUBG,T8A0,FLCG,FVV9,TPCZ,TZ55,TI42,FV1C,TIIB,FPIS,FZMX,TTI2,FLTY,TK4P,T62Z,T2SK,T76Z,TN85,TBWQ,FV4X,F67X,TQY2,F4TQ,TSXE,F67Z,T15Z,T15P,T6R2,F6VC,TFGT,F0JB,FSKR,FA0L,TOU7,FABU,FT33,TZ35,TZL6,T6OQ,F65Q,TY64,FDLP,FSX7,T04Z,TKED,T5UP,T1EO,TMKK,TO48,TX4N,T8BB,TNKY,TPPT,T4TW,TOJS,TYVK,TSAU,TTAV,TPK2,TG3F,TZ11,FIVK,T29Z,FBY4,FNK9,TX5K,TYUM,T5ZM,TZ15,TJ1A,TZ38,TUDM,F11B,F0DA,FGXK,TKJJ,FCV1,TXNH,FHKP,TI8E,TKP8,TFD3,FJ6K,T8VX,FN66,FRIO,FFM2,F8T5,T7JF,TVVB,F1XB,TOLF,FQ3P,TB0R,TSB8,FGIO,FMMM,FCHC,FGR8,TU6I,TBMT,FOS4,FP0Y,T47Z,F5ET,T27Z,TD9H,TH7D,FMVY,TSN3,T7LJ,T0Q1,TAXI,TW5C,TYTQ,TN10,TZ63,TSCS,FQ8Y,FC4W,T40Z,TI2E,TGJC,FUI6,T43Z,TIEW,FN81,FITF,T102,TV6T,T9BT,F2CC,TV8D,TNX7,FOWL,T00Y,FDWP,TMM5,F9LX,TV9X,FSY0,T2PA,FFIT,FUFO,TWIE,TM19,T3M5,THN4,T010,T21Z,F3OT,T3YQ,F8PI,FDMM,T0PQ,T90Z,F3GN,THZS,T32Z,T4VT,T52S,F6RC,TQNR,FX84,FGN4,T5I8,T9D8,T6VS,T54Z,FAF7,TZMV,TZ12,FXH1,F7A5,FQWB,T7TJ,FFLS,TA6I,FTRX,FR00,FZEG,T3S6,T1YU,FIX8,FSUU,TWBS,F74Q,FAES,TPGT,TZ66,T00Z,THQZ,TSJR,TOV5,FMMY,F9WL,TZ33,T3NL,TTWD,TT2O,TZYF,T5SG,TVD7,TY8C,FC4F,T77Z,F6EB,FEBZ,TWIW,T4R0,F4XZ,FFDX,TRMB,TDY4,TQ6H,F8DC,T6UA,F5P1,FFJF,F4F2,TEQQ,FY82,F6YE,F9P8,FZMM,FCY3,TDFM,FQZ0,TZ00,FYGW,TCTY,TFN8,T9EY,TZ78,T8OU,TRUR,F5LH,TAN0,FNOT,FEDT,TZ89,FG90,TSMU,THO9,FGAL,FGDY,TPR3,TXGG,F1G1,T10Z,TRIF,TFU5,TRBN,T86Z,TMKV,T7NS,TOC2,T8MG,FRRI,T07Z,TAET,TOPX,T9DA,T0DC,TAZV,TB3W,T8OA,FT52,TBYQ,TSWR,FW2Q,FATV,TDJX,FX96,FBJQ,TLQA,TFEB,T0V5,TECK,T5MN,T4RV,TUSF,FT5I,TN3I,TWLH,TR3J,TOFI,TLO2,TZ5D,TUQU,TCXG,TVV5,FLHX,TDM3,T3S4,TWCO,FYQT,TDR2,TSZO,FN9F,TZ47
3167/TAT/HO/12/2020|20096561|F9P5,F1JT,TAF9,FR51,FQ26,TE2K,FQE7,T4LD,FGC0,FR0N,TFP2,TND8,T4PY,FR30,TNUX,TZI6,FLX3,FVV0,TNXK,TNWK,T6U0,TRKK,TSZT,TBZI,T36Z,T17Z,TZTW,TW90,T9KF,TXLL,T9MI,T33Z,TQ0M,TYL2,FQFO,FX88,T7ZB,TZ46,T5GB,TQF4,FX89,TZKX,T2I7,T01Z,FZW6,TV6F,T75Z,FMZ9,F4L2,TGZS,TW8F,TYWR,T5PR,FEES,T11Z,TV0X,TVC0,FQ00,F4ZG,TL1W,TVWG,T2KA,F25Q,TXC6,F2BZ,F8GB,F0KQ,TY3V,T70Z,TVE6,T85Z,TRB3,F0HN,TZMP,TH0K,TZU1,FX99,FBQJ,TMZY,THZH,F1UV,TK2X,FUBG,T8A0,FLCG,FVV9,TPCZ,TZ55,TI42,FV1C,TIIB,FPIS,FZMX,TTI2,FLTY,TK4P,T62Z,T2SK,T76Z,TN85,TBWQ,FV4X,F67X,TQY2,F4TQ,F67Z,T15Z,T15P,T6R2,F6VC,TFGT,F0JB,FSKR,FA0L,TOU7,FABU,FT33,TZ35,TZL6,T6OQ,F65Q,TY64,FDLP,FSX7,T04Z,TKED,T5UP,T1EO,TMKK,TO48,TX4N,T8BB,TNKY,TPPT,T4TW,TOJS,TYVK,TSAU,TTAV,TPK2,TG3F,TZ11,FIVK,T29Z,FBY4,FNK9,TX5K,TYUM,T5ZM,TZ15,TJ1A,TZ38,TUDM,F11B,F0DA,FGXK,TKJJ,FCV1,TXNH,FHKP,TI8E,TKP8,TFD3,FJ6K,T8VX,FN66,FRIO,FFM2,F8T5,T7JF,TVVB,F1XB,TOLF,FQ3P,TB0R,TSB8,FGIO,FMMM,FCHC,FGR8,TU6I,TBMT,FOS4,FP0Y,T47Z,F5ET,T27Z,TD9H,TH7D,FMVY,TSN3,T7LJ,T0Q1,TAXI,TW5C,TYTQ,TN10,TZ63,TSCS,FQ8Y,FC4W,T40Z,TI2E,TGJC,FUI6,T43Z,TIEW,FN81,FITF,TV6T,T102,T9BT,F2CC,TV8D,TNX7,FOWL,T00Y,TSXE,FDWP,TMM5,F9LX,TV9X,FSY0,T2PA,FFIT,FUFO,TWIE,TM19,T3M5,THN4,T010,T21Z,F3OT,T3YQ,F8PI,FDMM,T0PQ,T90Z,F3GN,THZS,T32Z,T4VT,T52S,F6RC,TQNR,FX84,FGN4,T5I8,T9D8,T6VS,T54Z,FAF7,TZMV,TZ12,FXH1,F7A5,FQWB,T7TJ,FFLS,TA6I,FTRX,FR00,FZEG,T3S6,T1YU,FIX8,FSUU,TWBS,F74Q,FAES,TPGT,TZ66,T00Z,THQZ,F9P8,TSJR,TOV5,FMMY,F9WL,TZ33,T3NL,TTWD,TT2O,TZYF,T5SG,TVD7,TY8C,FC4F,T77Z,F6EB,FEBZ,TWIW,T4R0,F4XZ,FFDX,TRMB,TDY4,TQ6H,F8DC,T6UA,F5P1,FFJF,F4F2,TEQQ,FY82,F6YE,FZMM,FCY3,TDFM,FQZ0,TZ00,FYGW,TCTY,TFN8,T9EY,TZ78,T8OU,TRUR,F5LH,TAN0,FNOT,FEDT,TZ89,FG90,TSMU,THO9,FGAL,FGDY,TPR3,TXGG,F1G1,T10Z,TRIF,TFU5,TRBN,T86Z,TMKV,T7NS,TOC2,T8MG,FRRI,T07Z,TAET,TOPX,T9DA,T0DC,TAZV,TB3W,T8OA,FT52,TBYQ,TSWR,FW2Q,FATV,TDJX,FX96,FBJQ,TLQA,TFEB,T0V5,TECK,T5MN,T4RV,TUSF,FT5I,TN3I,TWLH,TR3J,TOFI,TLO2,TZ5D,TUQU,TCXG,TVV5,FLHX,TDM3,T3S4,TWCO,FYQT,TDR2,TSZO,FN9F,TZ47,F06I,TUG6,T2P6,FYZA,T4DS,FFYK,TDWO,FJJ7,FG4Q,T0QW,TGT6,TY43,TJ4I,T69Z,T3S1,TKOU,TVZN,FZP9,TPEP,TLE6,TBY8,TZWN,TID5,T0HP,T6W4,TOVJ,FT31,T92Z,TT8K,FUTY,FZOI,TIQP,T121
3167/TAT/HO/12/2020|20098702|FEES,TV0X,TVC0,T5UP,TVWG,T2KA,F25Q,TXC6,F2BZ,F8GB,F0KQ,TY3V,T70Z,TVE6,T85Z,F0HN,TZMP,TH0K,TZU1,F1UV,TXNH,T04Z,FUBG,FVV9,F0JB,TZ55,TI42,FV1C,TIIB,FZMX,TTI2,TK4P,T62Z,T2SK,T76Z,TN85,TBWQ,F67X,TQY2,F4TQ,FPIS,F67Z,T15Z,T15P,F6VC,TFGT,FSKR,FA0L,TOU7,FABU,TG3F,TZ35,TJ1A,TZL6,F65Q,TY64,TKED,TFD3,TMKK,TO48,TX4N,T8BB,TNKY,TPPT,TOJS,TYVK,TSAU,TTAV,TPK2,TZ11,T29Z,FBY4,TX5K,TYUM,T5ZM,TZ15,TZ38,F11B,F0DA,FGXK,TKJJ,FCV1,FHKP,TI8E,TKP8,FJ6K,TH7D,T8VX,FN66,FFM2,TN10,T9D8,TB0R,FGIO,FMMM,FCHC,FGR8,TBMT,FOS4,FP0Y,T47Z,F5ET,TNX7,T27Z,TMM5,T3S6,TD9H,TSN3,T7LJ,T0Q1,TAXI,TYTQ,TSCS,FQ8Y,FC4W,T40Z,TI2E,TGJC,FUI6,T43Z,TIEW,FITF,TV6T,T102,TOV5,TV8D,FOWL,TSXE,FDWP,F9LX,TV9X,THZS,FSY0,FFIT,FUFO,TWIE,TFU5,TM19,THN4,T010,T21Z,T3YQ,FXH1,FDMM,T0PQ,TA6I,T90Z,T32Z,T4VT,T52S,TQNR,T8OU,T5I8,T6VS,T54Z,FAF7,TZMV,TZ12,F7A5,FQWB,FFLS,TZ66,FTRX,TSJR,FR00,FZEG,T1YU,FIX8,TWBS,F8DC,TPGT,T00Z,F9P8,F9WL,TZ33,T3NL,TTWD,TT2O,TZYF,T5SG,TZ78,TVD7,TY8C,FC4F,T77Z,TRUR,F5LH,TXLL,FEBZ,T4R0,F4XZ,FFDX,TRMB,TDY4,THO9,T6UA,F5P1,FFJF,F4F2,TEQQ,F6YE,TXGG,T10Z,TZ00,TRBN,TCTY,TMKV,TFN8,T9EY,FEDT,TZ89,FG90,TOVJ,FGAL,FGDY,TPR3,F1G1,T0V5,TRIF,T7NS,TOC2,T8MG,T07Z,TOPX,T9DA,T0DC,TAZV,TR3J,TLO2,TB3W,T8OA,TZ5D,FT52,TBYQ,FW2Q,FATV,TDJX,FX96,FBJQ,TLQA,TFEB,TZ47,TECK,T5MN,FYZA,FJJ7,T4RV,TY43,TQ0M,TN3I,TOFI,TUQU,T0HP,TCXG,TVV5,TDM3,T3S4,FYQT,TDR2,TSZO,FN9F,F06I,F9P5,T2P6,T4DS,TDWO,T0QW,TGT6,TJ4I,TKOU,TVZN,FZP9,TPEP,TLE6,TBY8,TZWN,TID5,FT31,T92Z,TT8K,FUTY,FZOI,T121,TAF9,FQ26,TE2K,T9MI,T4LD,FGC0,T33Z,FR0N,TFP2,TND8,T4PY,FR30,TNUX,TZI6,FLX3,FVV0,TNXK,TNWK,T6U0,TRKK,TSZT,TBZI,TYWR,T17Z,TW90,T11Z,FX88,TZ46,T5GB,TQF4,FX89,TZKX,T01Z,TV6F,FMZ9,TW8F,T5PR
3167/TAT/HO/12/2020|20100553|F65Q,F67X,F4TQ,TOV5,FPIS,F67Z,T15Z,T15P,F6VC,TNKY,FSKR,FA0L,TOU7,FABU,TG3F,TZ11,TOVJ,TZ35,TJ1A,TY64,TKED,TFD3,TMKK,TO48,TX4N,T8BB,TPPT,TOJS,TYVK,TSAU,TTAV,TPK2,T29Z,FBY4,TX5K,TYUM,T5ZM,TZ15,TZ38,F11B,F0DA,FGXK,TKJJ,FCV1,FHKP,TI8E,TKP8,FJ6K,TH7D,T8VX,TQ0M,FN66,FFM2,TN10,TSCS,FGIO,FMMM,FCHC,FGR8,TIEW,TBMT,FOS4,FP0Y,T47Z,F5ET,TNX7,T27Z,TMM5,TD9H,TSN3,T7LJ,T0Q1,TAXI,TYTQ,FQ8Y,T3YQ,FC4W,T40Z,TI2E,TGJC,TA6I,FUI6,T43Z,FITF,TV6T,T102,TV8D,FOWL,TSXE,FDWP,F9LX,TV9X,THZS,FSY0,FFIT,FUFO,TWIE,TFU5,TM19,THN4,T010,T21Z,TZ12,FXH1,FDMM,T0PQ,T90Z,T32Z,T4VT,T52S,TQNR,T5I8,T6VS,T54Z,FAF7,TZMV,F7A5,FQWB,FFLS,TZ66,FTRX,TSJR,FR00,FZEG,T04Z,T1YU,T5UP,FIX8,TRUR,TWBS,F8DC,TPGT,T00Z,F9P8,TZ00,F9WL,TXNH,TZ33,T3NL,TTWD,TT2O,TZYF,T5SG,TZ78,TVD7,TY8C,FC4F,T77Z,F5LH,TXLL,FEBZ,T4R0,F4XZ,FFDX,TRMB,TDY4,THO9,T6UA,F5P1,FFJF,F4F2,TEQQ,F6YE,TXGG,T10Z,TRIF,TRBN,TCTY,TMKV,TFN8,T9EY,FEDT,TR3J,TZ89,FG90,FGAL,FGDY,TPR3,F1G1,T0V5,T5MN,T7NS,TOC2,T8MG,T07Z,TOPX,T9DA,T0DC,TAZV,TLO2,TB3W,T8OA,TZ5D,FT52,TBYQ,FW2Q,FATV,TDJX,FX96,FBJQ,TLQA,TFEB,TZ47,TECK,T2P6,FYZA,FJJ7,T4RV,TY43,TN3I,TOFI,TBY8,T9D8,TUQU,T0HP,TCXG,TVV5,TDM3,T3S4,FYQT,TDR2,TSZO,FN9F,T121,F06I,F9P5,T4DS,TDWO,T0QW,T3S6,TGT6,TJ4I,T4PY,TKOU,TVZN,FZP9,TPEP,TLE6,TZWN,TID5,T6U0,FT31,T92Z,TT8K,FUTY,FZOI,TAF9,T11Z,FQ26,TE2K,T9MI,T4LD,FGC0,T33Z,FR0N,TFP2,TND8,FR30,TNUX,TZI6,FLX3,FVV0,T5GB,TNXK,TNWK,TRKK,TSZT,TBZI,TYWR,T5PR,T17Z,TZU1,TW90,TVWG,T8OU,FX88,TZ46,TQF4,FX89,TZKX,T01Z,TV6F,FMZ9,TW8F,FEES,TV0X,TVC0,T2KA,F25Q,TZ55,TXC6,F2BZ,F8GB,F0KQ,TY3V,TK4P,T70Z,TBWQ,TVE6,T85Z,F0HN,TZMP,TH0K,TQY2,F1UV,FUBG,FVV9,TFGT,F0JB,TI42,FV1C,TIIB,FZMX,TTI2,TB0R,T62Z,T2SK,T76Z,TN85,TZL6
3167/TAT/HO/12/2020|20100554|TY64,TKED,TFD3,TMKK,TO48,TX4N,T8BB,TPPT,TOJS,TYVK,TSAU,TTAV,TPK2,T29Z,TX5K,TYUM,T5ZM,TZ15,TZ38,F11B,F0DA,FGXK,TKJJ,FCV1,FHKP,TI8E,TKP8,FJ6K,TH7D,T8VX,TQ0M,FN66,FFM2,TN10,TSCS,FBY4,FGIO,FMMM,FCHC,FGR8,TIEW,TBMT,FOS4,FP0Y,T47Z,F5ET,TNX7,T27Z,TMM5,TD9H,TSN3,T7LJ,T0Q1,TAXI,TYTQ,FQ8Y,T3YQ,FC4W,T40Z,TI2E,TGJC,TA6I,FUI6,T43Z,FITF,TV6T,T102,TV8D,FOWL,TSXE,FDWP,F9LX,TV9X,THZS,FSY0,FFIT,FUFO,TWIE,TFU5,TM19,THN4,T010,T21Z,TZ12,FXH1,FDMM,T0PQ,T90Z,T32Z,T4VT,T52S,TQNR,T5I8,T6VS,T54Z,FAF7,TZMV,F7A5,FQWB,FFLS,TZ66,FTRX,TSJR,FR00,FZEG,T04Z,T1YU,T5UP,FIX8,TRUR,TWBS,F8DC,TPGT,T00Z,F9P8,TZ00,F9WL,TXNH,TZ33,T3NL,TTWD,TT2O,TZYF,T5SG,TZ78,TVD7,TY8C,FC4F,T77Z,F5LH,TXLL,FEBZ,T4R0,F4XZ,FFDX,TRMB,TDY4,THO9,T6UA,F5P1,FFJF,F4F2,TEQQ,F6YE,TXGG,T10Z,TRIF,TRBN,TCTY,TMKV,TFN8,T9EY,FEDT,TR3J,TZ89,FG90,FGAL,FGDY,TPR3,F1G1,T0V5,T5MN,T7NS,TOC2,T8MG,T07Z,TOPX,T9DA,T0DC,TAZV,TLO2,TB3W,T8OA,TZ5D,FT52,TBYQ,FW2Q,FATV,TDJX,FX96,FBJQ,TLQA,TFEB,TZ47,TECK,T2P6,FYZA,FJJ7,T4RV,TY43,TN3I,TOFI,TBY8,T9D8,TUQU,T0HP,TCXG,TVV5,TDM3,T3S4,FYQT,TDR2,TSZO,FN9F,T121,F06I,F9P5,T4DS,TDWO,T0QW,T3S6,TGT6,TJ4I,T4PY,TKOU,TVZN,FZP9,TPEP,TLE6,TZWN,TID5,T6U0,FT31,T92Z,TT8K,FUTY,FZOI,T17Z,TAF9,T11Z,FQ26,TE2K,T9MI,T4LD,FGC0,T33Z,FR0N,TFP2,TND8,FR30,TNUX,TZI6,FLX3,FVV0,T5GB,TNXK,TNWK,TRKK,TSZT,TBZI,TYWR,T5PR,TZU1,TW90,TVWG,T8OU,FX88,TZ46,TQF4,FX89,TZKX,T01Z,TV6F,FMZ9,TW8F,FEES,TV0X,TVC0,T2KA,F25Q,TZ55,TXC6,F2BZ,F8GB,F0KQ,TY3V,TK4P,T70Z,TBWQ,TVE6,T85Z,F0HN,TZMP,TH0K,TQY2,F1UV,FUBG,FVV9,TFGT,F0JB,TI42,FV1C,TIIB,FZMX,TTI2,TB0R,T62Z,T2SK,T76Z,TN85,TZL6,F65Q,F67X,F4TQ,TOV5,FPIS,F67Z,T15Z,T15P,F6VC,TNKY,FSKR,FA0L,TOU7,FABU,TG3F,TZ11,TOVJ,TZ35,TJ1A
3186/TAT/HO/12/2020|20078878|TY43,TZ78,F65S,TQF4,T0HP,TZMV,T3S6,TRB3,T17Z,FYZA,FJJ7,T33Z,TN5P,TLY1,TQF4,TZMV,FC9Y,F74Q,T3S6,TKB4,T33Z,TN5P,TKB4,TLY1,TTI2,FC9Y,TAIJ,TSKR,F74Q,T11Z,TCIZ,T15Z,T15P,TTI2,TAIJ,TSKR,FO4G,T11Z,TH7D,TJ1A,TCIZ,T15Z,T0PZ,T15P,FO4G,TH7D,TJ1A,T0PZ,TNK9,TMM5,FXH1,TNK9,FFVH,T0Q1,TMM5,FXH1,T90Z,TNAK,FFVH,TSZO,T0Q1,TN10,TDNE,T04Z,T90Z,TNAK,TSZO,TN10,T54Z,TG3F,TDNE,TXNH,TIQP,T04Z,TNX7,THZS,FOJ4,T1YU,T54Z,TG3F,TXNH,TIQP,TOV5,T00Z,TQNR,TNX7,TMKV,THZS,FOJ4,T1YU,T5UP,FZW6,TOV5,T00Z,TZR8,TQNR,TMKV,T9D8,FZ97,T5UP,T2I7,FZW6,TZR8,F1G1,T9D8,FZ97,TRUR,FFGI,TYTQ,T2I7,T8OA,FYAM,TXGG,T10Z,F9P5,TK2X,T4A3,F1G1,TRUR,FFGI,TYTQ,T8OA,TQ0M,FYAM,TXGG,T10Z,TZ47,F9P5,T5MN,TRBN,TK2X,T4A3,TPEP,TID5,TZ5D,TQ0M,TZ47,TSJR,T0V5,T5MN,T76Z,TOVJ,TRBN,T8OU,TY43,TZ78,F65S,TPEP,TID5,TZ5D,T0HP,TRB3,T17Z,TSJR,T0V5,T76Z,TOVJ,FYZA,T8OU,FJJ7
3186/TAT/HO/12/2020|20078884|T33Z,TLY1,TTI2,F74Q,T11Z,TJ1A,T15Z,T15P,FQE7,TTI2,T11Z,TH7D,T15Z,T15P,FQE7,TH7D,TJ1A,TMM5,FXH1,T0Q1,TMM5,FXH1,T90Z,TNAK,TSZO,T0Q1,TN10,T04Z,T90Z,TNAK,TSZO,TN10,T54Z,TG3F,FV1C,TXNH,TIQP,T04Z,TNX7,THZS,T1YU,T54Z,TG3F,FV1C,TXNH,TIQP,TOV5,T00Z,TNX7,TMKV,THZS,T1YU,T5UP,FZW6,TOV5,T00Z,TMKV,T9D8,T5UP,T2I7,FZW6,F1G1,T9D8,TRUR,T2I7,T8OA,TXGG,T10Z,F9P5,TK2X,F1G1,TRUR,T8OA,TQ0M,TXGG,T10Z,TZ47,F9P5,T5MN,TRBN,TK2X,TPEP,TID5,TZ5D,TQ0M,TZ47,TSJR,T0V5,T5MN,T76Z,TOVJ,TRBN,T8OU,TY43,TZ78,TPEP,TID5,TZ5D,T0HP,TRB3,T17Z,TSJR,T0V5,T76Z,TOVJ,FYZA,T8OU,FJJ7,TY43,TZ78,TQF4,T0HP,TZMV,T3S6,TRB3,T17Z,FYZA,FJJ7,T33Z,TLY1,TQF4,TZMV,F74Q,T3S6
3186/TAT/HO/12/2020|20078886|T15Z,T15P,TN5P,FC9Y,TAIJ,TSKR,TKB4,TH7D,TCIZ,TMM5,FXH1,TAIJ,TSKR,FO4G,TCIZ,T0PZ,T0Q1,TMM5,FXH1,FO4G,T90Z,TNAK,T0PZ,TNK9,TSZO,T0Q1,TN10,TJ1A,T04Z,T90Z,TNAK,TNK9,FFVH,TSZO,TN10,T54Z,TG3F,TZMV,TJ1A,TXNH,TIQP,T04Z,FYAM,TNX7,THZS,T1YU,FFVH,T54Z,TG3F,TDNE,TZMV,TXNH,TIQP,TOV5,T00Z,TNX7,TMKV,THZS,T1YU,T5UP,TDNE,FZW6,TOV5,T00Z,TMKV,FOJ4,T9D8,T5UP,T2I7,FZW6,TQNR,FOJ4,F1G1,T9D8,TRUR,T2I7,T8OA,TXGG,T10Z,TZR8,TQNR,F9P5,TK2X,F1G1,FZ97,TRUR,T8OA,TQ0M,TXGG,T10Z,TZR8,TZ47,F9P5,T5MN,TRBN,TK2X,FZ97,TPEP,FFGI,TYTQ,TID5,TZ5D,TQ0M,TZ47,TSJR,T0V5,T5MN,T76Z,TOVJ,TRBN,T8OU,T4A3,TY43,TZ78,TPEP,FFGI,TYTQ,TID5,TZ5D,T0HP,FYAM,TRB3,T17Z,TSJR,T0V5,T76Z,TOVJ,FYZA,T8OU,FJJ7,T4A3,TY43,TZ78,TQF4,T0HP,T3S6,TRB3,T17Z,FYZA,FJJ7,T33Z,F65S,TLY1,TQF4,F74Q,T3S6,T33Z,F65S,TLY1,TTI2,F74Q,T11Z,T15Z,T15P,TN5P,TTI2,FC9Y,T11Z,TKB4,TH7D
3186/TAT/HO/12/2020|20078895|TCIZ,T0PZ,T0Q1,TMM5,FXH1,FO4G,T90Z,TNAK,TH7D,T0PZ,TNK9,TSZO,T0Q1,TN10,TJ1A,T04Z,T90Z,TNAK,TNK9,FFVH,TSZO,TN10,T54Z,TG3F,TZMV,TJ1A,TXNH,TIQP,T04Z,FYAM,TNX7,THZS,T1YU,FFVH,T54Z,TG3F,TDNE,TZMV,TXNH,TIQP,TOV5,T00Z,FYAM,TNX7,TMKV,THZS,T1YU,T5UP,TDNE,FZW6,TOV5,T00Z,TMKV,FOJ4,T9D8,T5UP,T2I7,FZW6,TQNR,FOJ4,F1G1,T9D8,TRUR,T2I7,T8OA,TXGG,T10Z,TZR8,TQNR,F9P5,TK2X,F1G1,FZ97,TRUR,T8OA,TQ0M,TXGG,T10Z,TZR8,TZ47,F9P5,T5MN,TRBN,TK2X,T4A3,FZ97,TPEP,FFGI,TYTQ,TID5,TZ5D,TQ0M,TZ47,TSJR,T0V5,T5MN,T76Z,TOVJ,TRBN,T8OU,T4A3,TY43,TZ78,TPEP,FFGI,TYTQ,TID5,TZ5D,T0HP,TRB3,T17Z,TSJR,T0V5,T76Z,TOVJ,FYZA,T8OU,FJJ7,TY43,TZ78,TQF4,T0HP,T3S6,TRB3,T17Z,FYZA,FJJ7,T33Z,F65S,TLY1,TQF4,F74Q,T3S6,T33Z,F65S,TLY1,TTI2,F74Q,T11Z,T15Z,T15P,TN5P,TTI2,FC9Y,T11Z,TKB4,T15Z,T15P,TN5P,FC9Y,TAIJ,TSKR,TKB4,TH7D,TCIZ,TMM5,FXH1,TAIJ,TSKR,FO4G
3186/TAT/HO/12/2020|20078900|TH7D,TNK9,FFVH,TSZO,TN10,T54Z,TG3F,TZMV,TJ1A,TXNH,TIQP,T04Z,FYAM,TNX7,TMKV,THZS,T1YU,FFVH,T54Z,TG3F,TDNE,TZMV,TXNH,TIQP,TOV5,T00Z,FYAM,TNX7,TMKV,THZS,T1YU,T5UP,TDNE,FZW6,TOV5,T00Z,FOJ4,T9D8,T5UP,T2I7,FZW6,TQNR,FOJ4,F1G1,T9D8,TRUR,T2I7,T8OA,TXGG,T10Z,TZR8,TQNR,F9P5,TK2X,F1G1,FZ97,TRUR,T8OA,TQ0M,TXGG,T10Z,TZR8,TZ47,F9P5,T5MN,TRBN,TK2X,T4A3,FZ97,TPEP,FFGI,TYTQ,TID5,TZ5D,TQ0M,TZ47,TSJR,T0V5,T5MN,T76Z,TOVJ,TRBN,T8OU,T4A3,TY43,TZ78,TPEP,FFGI,TYTQ,TID5,TZ5D,T0HP,TRB3,T17Z,TSJR,T0V5,T76Z,TOVJ,FYZA,T8OU,FJJ7,TY43,TZ78,TQF4,T0HP,T3S6,TRB3,T17Z,FYZA,FJJ7,T33Z,F65S,TLY1,TQF4,F74Q,T3S6,T33Z,F65S,TLY1,TTI2,F74Q,T11Z,T15Z,T15P,TN5P,TTI2,FC9Y,T11Z,TKB4,T15Z,T15P,TN5P,FC9Y,TAIJ,TSKR,TKB4,TCIZ,TMM5,FXH1,TAIJ,TSKR,FO4G,TCIZ,T0PZ,T0Q1,TMM5,FXH1,FO4G,T90Z,TNAK,TH7D,T0PZ,TNK9,TSZO,T0Q1,TN10,TJ1A,T04Z,T90Z,TNAK
3186/TAT/HO/12/2020|20082423|FJJ7,TY43,T9D8,TQF4,T5UP,T0HP,TNWK,T17Z,FYZA,T33Z,T9D8,TQF4,T33Z,FV1C,TTI2,TQ0M,T62Z,T11Z,T8OU,T15Z,T15P,TLY1,FV1C,TTI2,TQ0M,F74Q,T62Z,T11Z,T8OU,T15Z,T15P,TLY1,F74Q,TG3F,FXH1,T3S6,T0Q1,TOVJ,TG3F,FXH1,T90Z,T3S6,TH7D,TSZO,T0Q1,TN10,TOVJ,TJ1A,T90Z,TMM5,TH7D,TSZO,TN10,T54Z,TZMV,TJ1A,TNX7,TNAK,TMM5,TMKV,THZS,T1YU,T54Z,TZMV,T00Z,TNX7,TNAK,TMKV,THZS,T1YU,TIQP,TZ66,T00Z,TIQP,F1G1,TZ66,TSJR,TRIF,TZ78,T07Z,TRUR,T8OA,FZW6,TXGG,F1G1,T10Z,TSJR,T04Z,TRIF,TZ78,T07Z,TRUR,T2I7,T8OA,FZW6,TXGG,T10Z,TXNH,TZ47,T04Z,F9P5,T5MN,TRBN,TK2X,FQE7,TPEP,TID5,T2I7,TZ5D,TRB3,TXNH,TZ47,TOV5,T0V5,F9P5,T5MN,T76Z,TRBN,FJJ7,TK2X,TY43,FQE7,TPEP,TID5,T5UP,TZ5D,T0HP,TNWK,TRB3,T17Z,TOV5,T0V5,T76Z,FYZA
3186/TAT/HO/12/2020|20082424|T33Z,FV1C,TTI2,TQ0M,T62Z,T11Z,T8OU,T15Z,T15P,TLY1,FV1C,TTI2,TQ0M,F74Q,T62Z,T11Z,T8OU,T15Z,T15P,TLY1,F74Q,TG3F,FXH1,T3S6,T0Q1,TOVJ,TG3F,FXH1,T90Z,T3S6,TH7D,TSZO,T0Q1,TN10,TOVJ,TJ1A,T90Z,TMM5,TH7D,TSZO,TN10,T54Z,TZMV,TJ1A,TNX7,TNAK,TMM5,TMKV,THZS,T1YU,T54Z,TZMV,T00Z,TNX7,TNAK,TMKV,THZS,T1YU,TIQP,TZ66,T00Z,TIQP,F1G1,TZ66,TSJR,TRIF,TZ78,T07Z,TRUR,T8OA,FZW6,TXGG,F1G1,T10Z,TSJR,T04Z,TRIF,TZ78,T07Z,TRUR,T2I7,T8OA,FZW6,TXGG,T10Z,TXNH,TZ47,T04Z,F9P5,T5MN,TRBN,TK2X,FQE7,TPEP,TID5,T2I7,TZ5D,TRB3,TXNH,TZ47,TOV5,T0V5,F9P5,T5MN,T76Z,TRBN,FJJ7,TK2X,TY43,FQE7,TPEP,TID5,T5UP,TZ5D,T0HP,TNWK,TRB3,T17Z,TOV5,T0V5,T76Z,FYZA,FJJ7,TY43,T9D8,TQF4,T5UP,T0HP,TNWK,T17Z,FYZA,T33Z,T9D8,TQF4
3186/TAT/HO/12/2020|20085459|T4A3,TH7D,TSZO,T0Q1,TN10,TJ1A,T90Z,TMM5,TH7D,TSZO,TN10,T54Z,TOVJ,TZMV,TJ1A,T3S6,TNX7,TMM5,TMKV,THZS,T1YU,F65S,T54Z,TOVJ,TZMV,T00Z,TNX7,TNAK,TMKV,THZS,T1YU,F65S,T00Z,TNAK,TN5P,FC9Y,F1G1,TSJR,TKB4,TNK9,TN5P,TZ78,TRUR,T8OA,FC9Y,TAIJ,TSKR,TIQP,TXGG,F1G1,T10Z,TSJR,TKB4,TCIZ,TNK9,TZ78,TRUR,T8OA,TAIJ,TSKR,FO4G,TIQP,TXGG,T10Z,TZ47,T5MN,TRBN,TCIZ,T0PZ,TPEP,TID5,TZ5D,FO4G,FZW6,TZ47,T0V5,F9P5,T5MN,T76Z,T04Z,TRBN,FJJ7,T0PZ,TY43,TPEP,TID5,T2I7,TZ5D,T0HP,FZW6,T17Z,T0V5,F9P5,TXNH,T76Z,T04Z,FYZA,FJJ7,TK2X,TY43,FFVH,TQF4,T2I7,T0HP,TRB3,T17Z,FYAM,TXNH,TOV5,FYZA,TK2X,T33Z,FFVH,TQF4,TDNE,T5UP,TRB3,FYAM,TOV5,T33Z,T9D8,TYTQ,TDNE,T5UP,TTI2,T11Z,FOJ4,FFGI,T15Z,T15P,T9D8,TYTQ,TTI2,F74Q,T11Z,T3S6,FOJ4,FFGI,T15Z,T15P,TQNR,F74Q,TQ0M,TZR8,T8OU,FZ97,TQNR,TLY1,TG3F,FXH1,TQ0M,TZR8,T4A3,T8OU,FZ97,T0Q1,TLY1,TG3F,FXH1,T90Z
3186/TAT/HO/12/2020|20088555|TMM5,TMKV,THZS,T1YU,F65S,T54Z,TZMV,T00Z,TNX7,TNAK,TMKV,THZS,T1YU,F65S,TQ0M,T00Z,T04Z,TNAK,TN5P,FC9Y,TQ0M,F1G1,TSJR,TXNH,T04Z,TKB4,TNK9,TN5P,TZ78,TRUR,T8OA,FC9Y,TAIJ,TSKR,TIQP,TXGG,F1G1,T10Z,TSJR,TXNH,TOV5,TKB4,TCIZ,TNK9,TZ78,TRUR,T8OA,TAIJ,TSKR,FO4G,TIQP,TXGG,T10Z,TZ47,T5MN,TOV5,TRBN,TCIZ,T0PZ,TPEP,T9D8,TID5,TZ5D,FO4G,FZW6,TZ47,T0V5,F9P5,T5MN,T76Z,TRBN,T3S6,FJJ7,T0PZ,TY43,TPEP,T9D8,TID5,T2I7,TZ5D,T0HP,FZW6,T17Z,T0V5,F9P5,T76Z,FYZA,T3S6,FJJ7,TK2X,TY43,FFVH,TQF4,T2I7,T0HP,TRB3,T17Z,FYAM,FYZA,TK2X,T33Z,FFVH,T8OU,TQF4,TDNE,TRB3,FYAM,T33Z,T8OU,TYTQ,TDNE,TTI2,T11Z,FOJ4,FFGI,T15Z,T15P,TYTQ,TTI2,F74Q,T11Z,FOJ4,FFGI,T15Z,T15P,TQNR,TOVJ,F74Q,TZR8,FZ97,TQNR,TLY1,TOVJ,TG3F,FXH1,TZR8,T4A3,FZ97,T0Q1,TLY1,TG3F,FXH1,T90Z,T4A3,TH7D,TSZO,T0Q1,TN10,T5UP,TJ1A,T90Z,TMM5,TH7D,TSZO,TN10,T54Z,TZMV,T5UP,TJ1A,TNX7
3186/TAT/HO/12/2020|20091019|TK2X,T33Z,FFVH,TQF4,TDNE,TRB3,FYAM,T11Z,T33Z,TYTQ,TDNE,TOVJ,TTI2,T76Z,T11Z,FOJ4,FFGI,T15Z,T15P,TYTQ,TOVJ,TTI2,T76Z,FOJ4,FFGI,T15Z,T15P,TQNR,TZR8,FZ97,TQNR,TG3F,T5UP,FXH1,TZR8,T4A3,FZ97,T0Q1,TG3F,T5UP,FXH1,T90Z,T4A3,TH7D,TSZO,T0Q1,TN10,TJ1A,T90Z,TNX7,TMM5,TH7D,TSZO,TN10,T54Z,F74Q,TZMV,TJ1A,TQ0M,T04Z,TNX7,TMM5,THZS,T1YU,F65S,T54Z,F74Q,TZMV,TQ0M,T00Z,TXNH,T04Z,TNAK,THZS,T1YU,F65S,T00Z,TXNH,TKB4,TNAK,TN5P,FC9Y,F1G1,TSJR,TKB4,TNK9,TN5P,TZ78,TRUR,T9D8,T8OA,FC9Y,TAIJ,TSKR,TIQP,TXGG,F1G1,T10Z,TSJR,TRBN,T3S6,TCIZ,TNK9,TZ78,TRUR,T9D8,T8OA,TAIJ,TLY1,TSKR,FO4G,TIQP,TXGG,T10Z,TZ47,T5MN,T3S6,TCIZ,T0PZ,TPEP,TID5,TZ5D,TLY1,FO4G,FZW6,TZ47,T0V5,F9P5,T5MN,TRBN,FJJ7,T0PZ,TY43,T8OU,TPEP,TID5,T2I7,TZ5D,T0HP,FZW6,T17Z,T0V5,F9P5,FYZA,FJJ7,TK2X,TY43,FFVH,T8OU,TQF4,T2I7,T0HP,TRB3,T17Z,FYAM,FYZA
3186/TAT/HO/12/2020|20091022|T11Z,FOJ4,FFGI,T15Z,T15P,TYTQ,TOVJ,TTI2,T76Z,FOJ4,FFGI,T15Z,T15P,TQNR,TZR8,FZ97,TQNR,TG3F,T5UP,FXH1,TZR8,T4A3,FZ97,T0Q1,TG3F,T5UP,FXH1,T90Z,T4A3,TH7D,TSZO,T0Q1,TN10,TJ1A,T90Z,TNX7,TMM5,TH7D,TSZO,TN10,T54Z,F74Q,TZMV,TJ1A,TQ0M,T04Z,TNX7,TMM5,THZS,T1YU,F65S,T54Z,F74Q,TZMV,TQ0M,T00Z,TXNH,T04Z,TNAK,THZS,T1YU,F65S,T00Z,TXNH,TKB4,TNAK,TN5P,FC9Y,F1G1,TSJR,TKB4,TNK9,TN5P,TZ78,TRUR,T9D8,T8OA,FC9Y,TAIJ,TSKR,TIQP,TXGG,F1G1,T10Z,TSJR,TRBN,T3S6,TCIZ,TNK9,TZ78,TRUR,T9D8,T8OA,TAIJ,TLY1,TSKR,FO4G,TIQP,TXGG,T10Z,TZ47,T5MN,TRBN,T3S6,TCIZ,T0PZ,TPEP,TID5,TZ5D,TLY1,FO4G,FZW6,TZ47,T0V5,F9P5,T5MN,FYZA,FJJ7,T0PZ,TY43,T8OU,TPEP,TID5,T2I7,TZ5D,T0HP,FZW6,T17Z,T0V5,F9P5,FYZA,FJJ7,TK2X,TY43,FFVH,T8OU,TQF4,T2I7,T0HP,TRB3,T17Z,FYAM,TK2X,T33Z,FFVH,TQF4,TDNE,TRB3,FYAM,T11Z,T33Z,TYTQ,TDNE,TOVJ,TTI2,T76Z
3186/TAT/HO/12/2020|20091030|T4A3,TH7D,TSZO,T0Q1,TN10,TJ1A,T90Z,T04Z,TNX7,TMM5,TH7D,TSZO,TN10,T54Z,F74Q,TZMV,TJ1A,T90Z,TQ0M,T04Z,TNX7,TMM5,THZS,T1YU,F65S,T54Z,F74Q,TZMV,TQ0M,T00Z,TXNH,TNAK,THZS,T1YU,F65S,T00Z,TXNH,TKB4,TNAK,TN5P,FC9Y,F1G1,TSJR,TKB4,TNK9,TN5P,TZ78,TRUR,T9D8,T8OA,FC9Y,TAIJ,TSKR,TIQP,TXGG,F1G1,T10Z,TSJR,TRBN,T3S6,TCIZ,TNK9,TZ78,TRUR,T9D8,T8OA,TAIJ,TLY1,TSKR,FO4G,TIQP,TXGG,T10Z,TZ47,T5MN,TRBN,T3S6,TCIZ,T0PZ,TPEP,TID5,TZ5D,TLY1,FO4G,FZW6,TZ47,T0V5,F9P5,T5MN,FYZA,FJJ7,T0PZ,TY43,T8OU,TPEP,TID5,T2I7,TZ5D,T0HP,FZW6,T17Z,T0V5,F9P5,FYZA,FJJ7,TK2X,TY43,FFVH,T8OU,TQF4,T2I7,T0HP,TRB3,T17Z,FYAM,TK2X,T33Z,FFVH,TQF4,TDNE,TRB3,FYAM,T11Z,T33Z,TYTQ,TDNE,TOVJ,TTI2,T76Z,T11Z,FOJ4,FFGI,T15Z,T15P,TYTQ,TOVJ,TTI2,T76Z,FOJ4,FFGI,T15Z,T15P,TQNR,TZR8,FZ97,TQNR,TG3F,T5UP,FXH1,TZR8,T4A3,FZ97,T0Q1,TG3F,T5UP,FXH1
3186/TAT/HO/12/2020|20091032|T04Z,TNX7,TMM5,THZS,T1YU,F65S,T54Z,F74Q,TZMV,TQ0M,T00Z,TXNH,TNAK,THZS,T1YU,F65S,T00Z,TXNH,TKB4,TNAK,TN5P,FC9Y,F1G1,TSJR,TKB4,TNK9,TN5P,TZ78,TRUR,T9D8,T8OA,FC9Y,TAIJ,TSKR,TIQP,TXGG,F1G1,T10Z,TSJR,TRBN,T3S6,TCIZ,TNK9,TZ78,TRUR,T9D8,T8OA,TAIJ,TLY1,TSKR,FO4G,TIQP,TXGG,T10Z,TZ47,T5MN,TRBN,T3S6,TCIZ,T0PZ,TPEP,TID5,TZ5D,TLY1,FO4G,FZW6,TZ47,T0V5,F9P5,T5MN,FYZA,FJJ7,T0PZ,TY43,T8OU,TPEP,TID5,T2I7,TZ5D,T0HP,FZW6,T17Z,T0V5,F9P5,FYZA,FJJ7,TK2X,TY43,FFVH,T8OU,TQF4,T2I7,T0HP,TRB3,T17Z,FYAM,TK2X,T33Z,FFVH,TQF4,TDNE,TRB3,FYAM,T11Z,T33Z,TYTQ,TDNE,TOVJ,TTI2,T76Z,T11Z,FOJ4,FFGI,T15Z,T15P,TYTQ,TOVJ,TTI2,T76Z,FOJ4,FFGI,T15Z,T15P,TQNR,TZR8,FZ97,TQNR,TG3F,T5UP,FXH1,TZR8,T4A3,FZ97,T0Q1,TG3F,T5UP,FXH1,T4A3,TH7D,TSZO,T0Q1,TN10,TJ1A,T90Z,T04Z,TNX7,TMM5,TH7D,TSZO,TN10,T54Z,F74Q,TZMV,TJ1A,T90Z,TQ0M
3186/TAT/HO/12/2020|20091033|TNAK,F1G1,TSJR,TZ78,TRUR,T9D8,T8OA,TIQP,TXGG,F1G1,T10Z,TSJR,TRBN,T3S6,TZ78,TRUR,T9D8,T8OA,TLY1,TIQP,TXGG,T10Z,TZ47,T5MN,TRBN,T3S6,TPEP,TID5,TZ5D,TLY1,FZW6,TZ47,T0V5,F9P5,T5MN,FYZA,FJJ7,TY43,T8OU,TPEP,TID5,T2I7,TZ5D,T0HP,FZW6,T17Z,T0V5,F9P5,FYZA,FJJ7,TK2X,TY43,T8OU,TQF4,T2I7,T0HP,TRB3,T17Z,TK2X,T33Z,TQF4,TRB3,T11Z,T33Z,TOVJ,TTI2,T76Z,T11Z,T15Z,T15P,TOVJ,TTI2,T76Z,T15Z,T15P,TG3F,T5UP,T0Q1,TG3F,T5UP,TH7D,TSZO,T0Q1,TN10,TJ1A,T90Z,T04Z,TNX7,TMM5,TH7D,TSZO,TN10,T54Z,F74Q,TZMV,TJ1A,T90Z,TQ0M,T04Z,TNX7,TMM5,THZS,T1YU,T54Z,F74Q,TZMV,TQ0M,T00Z,TXNH,TNAK,THZS,T1YU,T00Z,TXNH
3186/TAT/HO/12/2020|20091045|TK2X,TCIZ,TSKR,TNK9,T33Z,TQF4,TAIJ,FO4G,TRB3,T11Z,TCIZ,T0PZ,TSKR,T33Z,TOVJ,TTI2,FO4G,T76Z,T11Z,T0PZ,T15Z,T15P,TOVJ,TTI2,T76Z,T15Z,FFVH,T15P,FYAM,FFVH,TDNE,TG3F,T5UP,FYAM,TVD7,T0Q1,TYTQ,TDNE,TG3F,T5UP,FOJ4,TH7D,FFGI,TVD7,TSZO,T0Q1,TYTQ,TN10,TJ1A,T90Z,T04Z,TNX7,TMM5,FOJ4,TH7D,FFGI,T8MG,TSZO,TQNR,TN10,T54Z,F74Q,TZMV,TJ1A,T90Z,TZR8,TQ0M,TXNH,T04Z,TNX7,TMM5,THZS,T8MG,T1YU,FZ97,TQNR,T54Z,F74Q,TZMV,FXH1,TZR8,TQ0M,T00Z,TXNH,TNAK,T4A3,THZS,T1YU,FZ97,FXH1,T00Z,TMKV,TNAK,T4A3,F1G1,TSJR,TMKV,TZ78,TRUR,T9D8,T8OA,TIQP,TXGG,F1G1,T10Z,TSJR,TOV5,T5MN,TRBN,T3S6,TZ78,F65S,TRUR,T9D8,T8OA,TLY1,TIQP,TXGG,T10Z,TZ47,TOV5,T5MN,TRBN,T3S6,F65S,TPEP,TID5,TZ5D,TLY1,FZW6,TZ47,T0V5,F9P5,FYZA,TKB4,TQY2,FJJ7,TN5P,TY43,T8OU,TPEP,TID5,T2I7,TZ5D,FC9Y,T0HP,FZW6,T17Z,T0V5,F9P5,FYZA,TKB4,TQY2,FJJ7,TK2X,TNK9,TN5P,TY43,T8OU,TQF4,T2I7,FC9Y,T0HP,TAIJ,TRB3,T17Z
3186/TAT/HO/12/2020|20091046|T11Z,T0PZ,T15Z,T15P,TOVJ,TTI2,T76Z,T15Z,FFVH,T15P,FYAM,FFVH,TDNE,TG3F,T5UP,FYAM,T0Q1,TYTQ,TDNE,TG3F,T5UP,FOJ4,TH7D,FFGI,TSZO,T0Q1,TYTQ,TN10,TJ1A,T90Z,T04Z,TNX7,TMM5,FOJ4,TH7D,FFGI,TSZO,TQNR,TN10,T54Z,F74Q,TZMV,TJ1A,T90Z,TZR8,TQ0M,TXNH,T04Z,TNX7,TMM5,THZS,T1YU,FZ97,TQNR,T54Z,F74Q,TZMV,FXH1,TZR8,TQ0M,T00Z,TXNH,TNAK,T4A3,THZS,T1YU,FZ97,FXH1,T00Z,TNAK,T4A3,F1G1,TSJR,TZ78,TRUR,T9D8,T8OA,TIQP,TXGG,F1G1,T10Z,TSJR,T5MN,TRBN,T3S6,TZ78,F65S,TRUR,T9D8,T8OA,TLY1,TIQP,TXGG,T10Z,TZ47,T5MN,TRBN,T3S6,F65S,TPEP,TID5,TZ5D,TLY1,FZW6,TZ47,T0V5,F9P5,FYZA,TKB4,FJJ7,TN5P,TY43,T8OU,TPEP,TID5,T2I7,TZ5D,FC9Y,T0HP,FZW6,T17Z,T0V5,F9P5,FYZA,TKB4,FJJ7,TK2X,TNK9,TN5P,TY43,T8OU,TQF4,T2I7,FC9Y,T0HP,TAIJ,TRB3,T17Z,TK2X,TCIZ,TSKR,TNK9,T33Z,TQF4,TAIJ,FO4G,TRB3,T11Z,TCIZ,T0PZ,TSKR,T33Z,TOVJ,TTI2,FO4G,T76Z
3190/TAT/HO/12/2020|20078877|TPEP,TID5,TZ5D,TQ0M,TZ47,TSJR,T0V5,T5MN,T76Z,TOVJ,TRBN,T8OU,TY43,TZ78,F65S,TPEP,TID5,TZ5D,T0HP,TRB3,T17Z,TSJR,T0V5,T76Z,TOVJ,FYZA,T8OU,FJJ7,TY43,TZ78,F65S,TQF4,T0HP,TZMV,T3S6,TRB3,T17Z,FYZA,FJJ7,T33Z,TN5P,TKB4,TLY1,TQF4,TZMV,FC9Y,F74Q,T3S6,T33Z,TN5P,TKB4,TLY1,TTI2,FC9Y,TAIJ,TSKR,F74Q,T11Z,TCIZ,T15Z,T15P,TTI2,TAIJ,TSKR,FO4G,T11Z,TH7D,TJ1A,TCIZ,T15Z,T0PZ,T15P,FO4G,TH7D,TJ1A,T0PZ,TNK9,TMM5,FXH1,TNK9,FFVH,T0Q1,TMM5,FXH1,T90Z,TNAK,FFVH,TSZO,T0Q1,TN10,TDNE,T04Z,T90Z,TNAK,TSZO,TN10,T54Z,TG3F,TDNE,TXNH,TIQP,T04Z,TNX7,THZS,FOJ4,T1YU,T54Z,TG3F,TXNH,TIQP,TOV5,T00Z,TQNR,TNX7,TMKV,THZS,FOJ4,T1YU,T5UP,FZW6,TOV5,T00Z,TZR8,TQNR,TMKV,T9D8,FZ97,T5UP,T2I7,FZW6,TZR8,F1G1,T9D8,FZ97,TRUR,FFGI,TYTQ,T2I7,T8OA,FYAM,TXGG,T10Z,F9P5,TK2X,T4A3,F1G1,TRUR,FFGI,TYTQ,T8OA,TQ0M,FYAM,TXGG,T10Z,TZ47,F9P5,T5MN,TRBN,TK2X,T4A3
3190/TAT/HO/12/2020|20082421|TZ78,TRUR,TDNE,T8OA,FZW6,TXGG,F1G1,T10Z,TSJR,T04Z,FOJ4,FFGI,TZ78,TRUR,T2I7,T8OA,FZW6,TXGG,T10Z,TXNH,TZ47,T04Z,F9P5,T5MN,TRBN,TK2X,FOJ4,TPEP,TYTQ,TID5,T2I7,TZ5D,TRB3,TZR8,TXNH,TZ47,TOV5,T0V5,F9P5,T5MN,T76Z,TRBN,TK2X,TY43,FZ97,TPEP,TYTQ,TID5,T5UP,TZ5D,T0HP,TRB3,TZR8,T17Z,TOV5,T0V5,T76Z,FYZA,FJJ7,T4A3,TY43,FZ97,TQNR,T9D8,TQF4,T5UP,T0HP,T17Z,FYZA,FJJ7,T4A3,T33Z,TQNR,T9D8,FFGI,TQF4,T33Z,TTI2,TQ0M,T11Z,T8OU,T15Z,T15P,F65S,TLY1,TTI2,TQ0M,F74Q,T11Z,T8OU,T15Z,T15P,F65S,TLY1,F74Q,TN5P,TG3F,FXH1,FC9Y,T3S6,TKB4,TNK9,TN5P,T0Q1,TOVJ,TG3F,FXH1,FC9Y,TAIJ,TSKR,T90Z,T3S6,TKB4,TCIZ,TH7D,TNK9,TSZO,T0Q1,TN10,TOVJ,TAIJ,TSKR,FO4G,TJ1A,T90Z,TMM5,TCIZ,TH7D,T0PZ,TSZO,TN10,T54Z,TZMV,FO4G,TJ1A,TNX7,TNAK,TMM5,TMKV,THZS,T0PZ,T1YU,T54Z,TZMV,T00Z,TNX7,TNAK,TMKV,THZS,T1YU,FFVH,TIQP,T00Z,FYAM,FFVH,TDNE,TIQP,F1G1,FYAM,TSJR
3190/TAT/HO/12/2020|20082422|TK2X,FOJ4,FFGI,TPEP,TYTQ,TID5,T2I7,TZ5D,TRB3,TZR8,TXNH,TZ47,TOV5,T0V5,F9P5,T5MN,T76Z,TRBN,FJJ7,TK2X,TY43,FZ97,TPEP,TYTQ,TID5,T5UP,TZ5D,T0HP,TRB3,TZR8,T17Z,TOV5,T0V5,T76Z,FYZA,FJJ7,T4A3,TY43,FZ97,TQNR,T9D8,TQF4,T5UP,T0HP,T17Z,FYZA,T4A3,T33Z,TQNR,T9D8,TQF4,T33Z,TTI2,TQ0M,T11Z,T8OU,T15Z,T15P,F65S,TLY1,TTI2,TQ0M,F74Q,T11Z,T8OU,T15Z,T15P,F65S,TLY1,F74Q,TN5P,TG3F,FXH1,FC9Y,T3S6,TKB4,TNK9,TN5P,T0Q1,TOVJ,TG3F,FXH1,FC9Y,TAIJ,TSKR,T90Z,T3S6,TKB4,TCIZ,TH7D,TNK9,TSZO,T0Q1,TN10,TOVJ,TAIJ,TSKR,FO4G,TJ1A,T90Z,TMM5,TCIZ,TH7D,T0PZ,TSZO,TN10,T54Z,TZMV,FO4G,TJ1A,TNX7,TNAK,TMM5,TMKV,THZS,T0PZ,T1YU,T54Z,TZMV,T00Z,TNX7,TNAK,TMKV,THZS,T1YU,FFVH,TIQP,T00Z,FYAM,FFVH,TDNE,TIQP,F1G1,FYAM,TSJR,TZ78,TRUR,TDNE,T8OA,FZW6,TXGG,F1G1,T10Z,TSJR,T04Z,FOJ4,FFGI,TZ78,TRUR,T2I7,T8OA,FZW6,TXGG,T10Z,TXNH,TZ47,T04Z,F9P5,T5MN,TRBN
3190/TAT/HO/12/2020|20090959|TKB4,TNAK,TN5P,FC9Y,F1G1,TSJR,TOV5,TNK9,TN5P,TZ78,TRUR,T9D8,T8OA,FC9Y,TAIJ,TSKR,TIQP,TXGG,F1G1,T10Z,TSJR,TKB4,T3S6,TCIZ,TNK9,TZ78,TRUR,T9D8,T8OA,TAIJ,TSKR,FO4G,TIQP,TXGG,T10Z,TZ47,T5MN,TRBN,T3S6,TCIZ,T0PZ,TPEP,TID5,TZ5D,FO4G,FZW6,TZ47,T0V5,F9P5,T5MN,T76Z,TRBN,FJJ7,T0PZ,TY43,T8OU,TPEP,TID5,T2I7,TZ5D,T0HP,FZW6,T17Z,T0V5,F9P5,T76Z,FYZA,FJJ7,TK2X,TY43,FFVH,T8OU,TQF4,T2I7,T0HP,TRB3,T17Z,FYAM,FYZA,TK2X,T33Z,FFVH,TQF4,TDNE,TRB3,FYAM,T33Z,TYTQ,TDNE,TOVJ,TTI2,T11Z,FOJ4,FFGI,T15Z,T15P,TYTQ,TOVJ,TTI2,F74Q,T11Z,FOJ4,FFGI,T15Z,T15P,TQNR,F74Q,TZR8,FZ97,TQNR,TLY1,TG3F,T5UP,FXH1,TZR8,T4A3,FZ97,T0Q1,TLY1,TG3F,T5UP,FXH1,T90Z,T4A3,TH7D,TSZO,T0Q1,TN10,TJ1A,T90Z,TMM5,TH7D,TSZO,TN10,T54Z,TZMV,TJ1A,TQ0M,T04Z,TNX7,TMM5,TMKV,THZS,T1YU,F65S,T54Z,TZMV,TQ0M,T00Z,TXNH,T04Z,TNX7,TNAK,TMKV,THZS,T1YU,F65S,T00Z,TXNH,TOV5
3190/TAT/HO/12/2020|20091016|T3S6,TCIZ,TNK9,TZ78,TRUR,T9D8,T8OA,TAIJ,TSKR,FO4G,TIQP,TXGG,T10Z,TZ47,T5MN,TRBN,T3S6,TCIZ,T0PZ,TPEP,TID5,TZ5D,FO4G,FZW6,TZ47,T0V5,F9P5,T5MN,T76Z,TRBN,FJJ7,T0PZ,TY43,T8OU,TPEP,TID5,T2I7,TZ5D,T0HP,FZW6,T17Z,T0V5,F9P5,T76Z,FYZA,FJJ7,TK2X,TY43,FFVH,T8OU,TQF4,T2I7,T0HP,TRB3,T17Z,FYAM,FYZA,TK2X,T33Z,FFVH,TQF4,TDNE,TRB3,FYAM,T11Z,T33Z,TYTQ,TDNE,TOVJ,TTI2,FOJ4,FFGI,T15Z,T15P,TYTQ,TOVJ,TTI2,T11Z,FOJ4,FFGI,T15Z,T15P,TQNR,TZR8,FZ97,TQNR,TLY1,TG3F,T5UP,FXH1,TZR8,T4A3,FZ97,T0Q1,TLY1,TG3F,T5UP,FXH1,T90Z,T4A3,TH7D,TSZO,T0Q1,TN10,TJ1A,T90Z,TNX7,TMM5,TH7D,TSZO,TN10,T54Z,F74Q,TZMV,TJ1A,TQ0M,T04Z,TMM5,THZS,T1YU,F65S,T54Z,F74Q,TZMV,TQ0M,T00Z,TXNH,T04Z,TNX7,TNAK,THZS,T1YU,F65S,T00Z,TXNH,TKB4,TNAK,TN5P,FC9Y,F1G1,TSJR,TKB4,TNK9,TN5P,TZ78,TRUR,T9D8,T8OA,FC9Y,TAIJ,TSKR,TIQP,TXGG,F1G1,T10Z,TSJR
3190/TAT/HO/12/2020|20091017|FJJ7,T0PZ,TY43,T8OU,TPEP,TID5,T2I7,TZ5D,T0HP,FZW6,T17Z,T0V5,F9P5,FYZA,FJJ7,TK2X,TY43,FFVH,T8OU,TQF4,T2I7,T0HP,TRB3,T17Z,FYAM,FYZA,TK2X,T33Z,FFVH,TQF4,TDNE,TRB3,FYAM,T11Z,T33Z,TYTQ,TDNE,TOVJ,TTI2,T76Z,T11Z,FOJ4,FFGI,T15Z,T15P,TYTQ,TOVJ,TTI2,T76Z,FOJ4,FFGI,T15Z,T15P,TQNR,TZR8,FZ97,TQNR,TG3F,T5UP,FXH1,TZR8,T4A3,FZ97,T0Q1,TLY1,TG3F,T5UP,FXH1,T90Z,T4A3,TH7D,TSZO,T0Q1,TN10,TJ1A,T90Z,TNX7,TMM5,TH7D,TSZO,TN10,T54Z,F74Q,TZMV,TJ1A,TQ0M,T04Z,TNX7,TMM5,THZS,T1YU,F65S,T54Z,F74Q,TZMV,TQ0M,T00Z,TXNH,T04Z,TNAK,THZS,T1YU,F65S,T00Z,TXNH,TKB4,TNAK,TN5P,FC9Y,F1G1,TSJR,TKB4,TNK9,TN5P,TZ78,TRUR,T9D8,T8OA,FC9Y,TAIJ,TSKR,TIQP,TXGG,F1G1,T10Z,TSJR,T3S6,TCIZ,TNK9,TZ78,TRUR,T9D8,T8OA,TAIJ,TLY1,TSKR,FO4G,TIQP,TXGG,T10Z,TZ47,T5MN,TRBN,T3S6,TCIZ,T0PZ,TPEP,TID5,TZ5D,FO4G,FZW6,TZ47,T0V5,F9P5,T5MN,TRBN
3190/TAT/HO/12/2020|20091023|FZ97,TQNR,TG3F,T5UP,FXH1,TZR8,T4A3,FZ97,T0Q1,TG3F,T5UP,FXH1,T90Z,T4A3,TH7D,TSZO,T0Q1,TN10,TJ1A,T90Z,T04Z,TNX7,TMM5,TH7D,TSZO,TN10,T54Z,F74Q,TZMV,TJ1A,TQ0M,T04Z,TNX7,TMM5,THZS,T1YU,F65S,T54Z,F74Q,TZMV,TQ0M,T00Z,TXNH,TNAK,THZS,T1YU,F65S,T00Z,TXNH,TKB4,TNAK,TN5P,FC9Y,F1G1,TSJR,TKB4,TNK9,TN5P,TZ78,TRUR,T9D8,T8OA,FC9Y,TAIJ,TSKR,TIQP,TXGG,F1G1,T10Z,TSJR,TRBN,T3S6,TCIZ,TNK9,TZ78,TRUR,T9D8,T8OA,TAIJ,TLY1,TSKR,FO4G,TIQP,TXGG,T10Z,TZ47,T5MN,TRBN,T3S6,TCIZ,T0PZ,TPEP,TID5,TZ5D,TLY1,FO4G,FZW6,TZ47,T0V5,F9P5,T5MN,FYZA,FJJ7,T0PZ,TY43,T8OU,TPEP,TID5,T2I7,TZ5D,T0HP,FZW6,T17Z,T0V5,F9P5,FYZA,FJJ7,TK2X,TY43,FFVH,T8OU,TQF4,T2I7,T0HP,TRB3,T17Z,FYAM,TK2X,T33Z,FFVH,TQF4,TDNE,TRB3,FYAM,T11Z,T33Z,TYTQ,TDNE,TOVJ,TTI2,T76Z,T11Z,FOJ4,FFGI,T15Z,T15P,TYTQ,TOVJ,TTI2,T76Z,FOJ4,FFGI,T15Z,T15P,TQNR,TZR8
3190/TAT/HO/12/2020|20091041|TRBN,T3S6,TZ78,TRUR,T9D8,T8OA,TLY1,TIQP,TXGG,T10Z,TZ47,T5MN,TRBN,T3S6,TPEP,TID5,TZ5D,TLY1,FZW6,TZ47,T0V5,F9P5,T5MN,FYZA,FJJ7,TY43,T8OU,TPEP,TID5,T2I7,TZ5D,T0HP,FZW6,T17Z,T0V5,F9P5,FYZA,FJJ7,TK2X,TY43,T8OU,TQF4,T2I7,T0HP,TRB3,T17Z,TK2X,T33Z,TQF4,TRB3,T11Z,T33Z,TOVJ,TTI2,T76Z,T11Z,T15Z,T15P,TOVJ,TTI2,T76Z,T15Z,T15P,TG3F,T5UP,T0Q1,TG3F,T5UP,TH7D,TSZO,T0Q1,TN10,TJ1A,T90Z,T04Z,TNX7,TMM5,TH7D,TSZO,TN10,T54Z,F74Q,TZMV,TJ1A,T90Z,TQ0M,TXNH,T04Z,TNX7,TMM5,THZS,T1YU,T54Z,F74Q,TZMV,TQ0M,T00Z,TNAK,THZS,T1YU,T00Z,TXNH,TNAK,F1G1,TSJR,TZ78,TRUR,T9D8,T8OA,TIQP,TXGG,F1G1,T10Z,TSJR
3190/TAT/HO/12/2020|20091043|FYZA,TKB4,TQY2,FJJ7,TN5P,TY43,T8OU,TPEP,TID5,T2I7,TZ5D,FC9Y,T0HP,FZW6,T17Z,T0V5,F9P5,FYZA,TKB4,TQY2,FJJ7,TK2X,TNK9,TN5P,TY43,T8OU,TQF4,T2I7,FC9Y,T0HP,TAIJ,TSKR,TRB3,T17Z,TK2X,TCIZ,TNK9,T33Z,TQF4,TAIJ,TSKR,FO4G,TRB3,T11Z,TCIZ,T0PZ,T33Z,TOVJ,TTI2,FO4G,T76Z,T11Z,T0PZ,T15Z,T15P,TOVJ,TTI2,T76Z,T15Z,FFVH,T15P,FYAM,FFVH,TDNE,TG3F,T5UP,FYAM,TVD7,T0Q1,TYTQ,TDNE,TG3F,T5UP,FOJ4,TH7D,FFGI,TVD7,TSZO,T0Q1,TYTQ,TN10,TJ1A,T90Z,T04Z,TNX7,TMM5,FOJ4,TH7D,FFGI,T8MG,TSZO,TQNR,TN10,T54Z,F74Q,TZMV,TJ1A,T90Z,TZR8,TQ0M,TXNH,T04Z,TNX7,TMM5,THZS,T8MG,T1YU,FZ97,TQNR,T54Z,F74Q,TZMV,FXH1,TZR8,TQ0M,T00Z,TXNH,TNAK,T4A3,THZS,T1YU,FZ97,FXH1,T00Z,TMKV,TNAK,T4A3,F1G1,TSJR,TMKV,TZ78,TRUR,T9D8,T8OA,TIQP,TXGG,F1G1,T10Z,TSJR,TOV5,TRBN,T3S6,TZ78,F65S,TRUR,T9D8,T8OA,TLY1,TIQP,TXGG,T10Z,TZ47,TOV5,T5MN,TRBN,T3S6,F65S,TPEP,TID5,TZ5D,TLY1,FZW6,TZ47,T0V5,F9P5,T5MN
3190/TAT/HO/12/2020|20094481|TSJR,TNAK,T4A3,T1YU,FZ97,T9D8,T00Z,TSJR,T4A3,T3S6,TZ78,TRUR,T9D8,TXGG,F1G1,T10Z,TOV5,TRBN,TMKV,T3S6,TZ78,TRUR,T8OA,TIQP,TXGG,F1G1,T10Z,T0V5,F9P5,T5MN,TOV5,TRBN,TMKV,T8OU,T8OA,TZ5D,TLY1,TIQP,TZ47,T0V5,F9P5,T5MN,FYZA,FJJ7,TY43,F65S,T8OU,TPEP,TID5,T2I7,TZ5D,T0HP,TLY1,FZW6,TZ47,FYZA,TKB4,FJJ7,TNK9,TN5P,TY43,F65S,TPEP,TID5,T2I7,FC9Y,T0HP,FZW6,TRB3,T17Z,TKB4,TK2X,TNK9,TN5P,T33Z,TQF4,FC9Y,TAIJ,TOVJ,TRB3,T17Z,T11Z,TK2X,TCIZ,TSKR,T33Z,TQF4,TAIJ,TOVJ,FO4G,FOJ4,T11Z,TCIZ,T0PZ,TSKR,TQ0M,TTI2,FO4G,T76Z,T0PZ,T15Z,T15P,TQ0M,TTI2,T76Z,T15Z,FFVH,T15P,TG3F,TJ1A,FYAM,FFVH,TDNE,TG3F,TJ1A,FYAM,T04Z,TH7D,T5UP,T0Q1,TYTQ,TN10,TDNE,TNX7,TXNH,T04Z,TMM5,TH7D,FFGI,T5UP,TSZO,T0Q1,TYTQ,TN10,F74Q,T90Z,TZR8,TNX7,TXNH,TMM5,FOJ4,THZS,FFGI,TSZO,TQNR,T54Z,F74Q,TZMV,FXH1,T90Z,TZR8,TNAK,THZS,T1YU,FZ97,TQNR,T54Z,TZMV,FXH1,T00Z
3190/TAT/HO/12/2020|20104106|TSZO,TZ47,T5MN,T0V5,FYZA,FJJ7,TY43,TQ0M,TDNE,T8OA,TZ5D,T0HP,TZR8,TSZO,TZ47,T5MN,F9P5,FYZA,FJJ7,FFGI,TY43,TQ0M,TPEP,TID5,T0HP,TZR8,T17Z,F9P5,TNAK,T11Z,FFGI,T33Z,TPEP,TID5,T17Z,TNAK,T11Z,T33Z,FZ97,TQF4,TG3F,T4A3,T04Z,FZ97,T5UP,TQF4,TG3F,TIQP,T4A3,TNK9,TXNH,T04Z,T5UP,T2I7,TTI2,T76Z,TIQP,TNK9,TXNH,T15Z,T15P,T2I7,TTI2,FZW6,T76Z,TJ1A,TRB3,TK2X,T15Z,T15P,TLY1,FZW6,TJ1A,TRB3,TK2X,TH7D,F65S,TN10,TLY1,T9D8,TSJR,TKB4,TNX7,TMM5,TN5P,TH7D,T3S6,F65S,T0Q1,TYTQ,TN10,FC9Y,T9D8,TSJR,TKB4,TNX7,TMM5,THZS,TN5P,T3S6,TZ78,T0Q1,TYTQ,FC9Y,TAIJ,FXH1,T90Z,TCIZ,TSKR,THZS,TZ78,TQNR,T8OU,T54Z,TZMV,TAIJ,FXH1,FO4G,T90Z,T00Z,FOJ4,TCIZ,T0PZ,TSKR,T1YU,TQNR,TRUR,T8OU,T54Z,TZMV,FO4G,T10Z,T00Z,FOJ4,T0PZ,T1YU,TRUR,TXGG,FYAM,T10Z,TRBN,TMKV,FFVH,TOV5,F74Q,TOVJ,TXGG,F1G1,FYAM,T0V5,TRBN,TMKV,FFVH,TOV5,TDNE,F74Q,T8OA,TZ5D,TOVJ,F1G1
3191/TAT/HO/12/2020|20069607|T3S6,T3S6,T04Z,TXNH,T04Z,TXNH,TOV5,T5UP,TOV5,T9D8,T5UP,T9D8,TQ0M,TQ0M,TOVJ,T8OU,TOVJ,T8OU
3191/TAT/HO/12/2020|20069608|T04Z,TXNH,T04Z,TXNH,TOV5,T5UP,TOV5,T9D8,T5UP,T9D8,TQ0M,TQ0M,TOVJ,T8OU,TOVJ,T8OU,T3S6,T3S6
3191/TAT/HO/12/2020|20069664|T04Z,TXNH,T04Z,TXNH,TOV5,T5UP,TOV5,T9D8,T5UP,T9D8,TQ0M,TQ0M,TOVJ,T8OU,TOVJ,T8OU,T3S6,T3S6
3191/TAT/HO/12/2020|20069690|TRUR,FMVY,T2I7,THO9,TXGG,T10Z,F9P5,FV4X,T9MI,TRUR,FMVY,T04Z,TXGG,TYWR,T10Z,TZ66,F9P5,TRBN,FV4X,T9MI,TZ5D,TXNH,T04Z,TYWR,TZ66,TSJR,T0V5,TRBN,TY43,TZ78,FQE7,TZ5D,T0HP,TXNH,TOV5,TRB3,TSJR,T0V5,FYZA,FJJ7,TY43,TZ78,FQE7,T5UP,F0JB,T0HP,TOV5,TRB3,FYZA,FJJ7,T33Z,T9D8,T5UP,F0JB,F74Q,T33Z,T9D8,F5G0,FPIS,F74Q,T11Z,F5G0,TQ0M,FPIS,T11Z,TH7D,TJ1A,TQ0M,TOVJ,T8OU,TH7D,TJ1A,TNK9,FFYK,TFD3,TMM5,FXH1,TA6I,TOVJ,T8OU,TNK9,FFYK,TFD3,TMM5,FXH1,T3S6,TA6I,T36Z,TNAK,TN10,F8DC,T3S6,T36Z,TNAK,TN10,TG3F,F5LH,F8DC,TNX7,THZS,F9XD,TG3F,F5LH,TNX7,TMKV,F9XD,TR3J,TLO2,TZR8,TMKV,THZS,T2I7,TR3J,TLO2,THO9,TZR8
3191/TAT/HO/12/2020|20069691|TXNH,T04Z,TXNH,TOV5,T5UP,TOV5,T9D8,T5UP,T9D8,TQ0M,TQ0M,TOVJ,T8OU,TOVJ,T8OU,T3S6,T3S6,T04Z
3191/TAT/HO/12/2020|20069776|T5UP,TOV5,T9D8,T5UP,T9D8,TQ0M,TQ0M,TOVJ,T8OU,TOVJ,T8OU,T3S6,T3S6,T04Z,TXNH,T04Z,TXNH,TOV5
3191/TAT/HO/12/2020|20080428|T3S6,T3S6,T04Z,TXNH,T04Z,TXNH,TOV5,T5UP,TOV5,T9D8,T5UP,T9D8,TQ0M,T8OU,TQ0M,TOVJ,TOVJ,T8OU
3191/TAT/HO/12/2020|20080429|T04Z,TXNH,T04Z,TXNH,TOV5,T5UP,TOV5,T9D8,T5UP,T9D8,TQ0M,T8OU,TQ0M,TOVJ,T8OU,TOVJ,T3S6,T3S6
3191/TAT/HO/12/2020|20080430|T04Z,TXNH,T04Z,TXNH,TOV5,T5UP,TOV5,T9D8,T5UP,T9D8,TQ0M,T8OU,TQ0M,T8OU,T3S6,TOVJ,T3S6,TOVJ
3191/TAT/HO/12/2020|20080434|T9D8,T5UP,T9D8,TQ0M,T8OU,TQ0M,T8OU,T3S6,TOVJ,T3S6,TOVJ,T04Z,TXNH,T04Z,TXNH,TOV5,T5UP,TOV5
3191/TAT/HO/12/2020|20080437|TQ0M,T8OU,TQ0M,T8OU,T3S6,TOVJ,T3S6,TOVJ,T04Z,TXNH,T04Z,TXNH,TOV5,T5UP,TOV5,T9D8,T5UP,T9D8
3191/TAT/HO/12/2020|20080439|TOVJ,T3S6,TOVJ,T04Z,TXNH,T04Z,TXNH,TOV5,T5UP,TOV5,T9D8,T5UP,T9D8,TQ0M,T8OU,TQ0M,T8OU,T3S6
3191/TAT/HO/12/2020|20080440|T04Z,TXNH,T04Z,TXNH,TOV5,T5UP,TOV5,T9D8,T5UP,T9D8,TQ0M,T8OU,TQ0M,T8OU,T3S6,TOVJ,T3S6,TOVJ
3191/TAT/HO/12/2020|20082338|T04Z,TXNH,T04Z,TXNH,TOV5,T5UP,TOV5,T9D8,T5UP,T9D8,TQ0M,T8OU,TQ0M,T8OU,T3S6,TOVJ,T3S6,TOVJ
3191/TAT/HO/12/2020|20084978|TOVJ,T3S6,TOVJ,T04Z,TXNH,T04Z,TXNH,TOV5,T5UP,TOV5,T9D8,T5UP,T9D8,TQ0M,T8OU,TQ0M,T8OU,T3S6
3191/TAT/HO/12/2020|20084995|T04Z,TXNH,T04Z,TXNH,TOV5,T5UP,TOV5,T9D8,T5UP,T9D8,TQ0M,T8OU,TQ0M,T8OU,T3S6,TOVJ,T3S6,TOVJ
3191/TAT/HO/12/2020|20084996|T04Z,TXNH,T04Z,TXNH,TOV5,T5UP,TOV5,T9D8,T5UP,T9D8,TQ0M,T8OU,TQ0M,T8OU,T3S6,TOVJ,T3S6,TOVJ
3191/TAT/HO/12/2020|20085172|TXNH,T04Z,TXNH,TOV5,T5UP,TOV5,T9D8,T5UP,T9D8,TQ0M,T8OU,TQ0M,T8OU,T3S6,TOVJ,T3S6,TOVJ,T04Z
3191/TAT/HO/12/2020|20085198|T5UP,TOV5,T9D8,T5UP,T9D8,TQ0M,T8OU,TQ0M,T8OU,T3S6,TOVJ,T3S6,TOVJ,T04Z,TXNH,T04Z,TXNH,TOV5
3191/TAT/HO/12/2020|20085259|T8OU,TQ0M,T8OU,T3S6,TOVJ,T3S6,TOVJ,T04Z,TXNH,T04Z,TXNH,TOV5,T5UP,TOV5,T9D8,T5UP,T9D8,TQ0M
3191/TAT/HO/12/2020|20086837|T04Z,TXNH,T04Z,TXNH,TOV5,T5UP,TOV5,T9D8,T5UP,T3S6,T9D8,T3S6,TQ0M,T8OU,TQ0M,T8OU,TOVJ,TOVJ
3191/TAT/HO/12/2020|20086838|T5UP,T5UP,TQ0M,TQ0M
3191/TAT/HO/12/2020|20086839|T5UP,T5UP,TQ0M,TQ0M
3191/TAT/HO/12/2020|20088162|T5UP,T5UP,TQ0M,TQ0M
3191/TAT/HO/12/2020|20092503|T04Z,TXNH,T04Z,TQ0M,TXNH,T9D8,T3S6,T9D8,T3S6,TOV5,T8OU,TOV5,T8OU,TOVJ,TOVJ,TQ0M,T5UP,T5UP
3191/TAT/HO/12/2020|20092876|TXNH,T04Z,TXNH,T9D8,T3S6,T9D8,TOV5,T3S6,T8OU,TOV5,T8OU,TOVJ,TOVJ,TQ0M,TQ0M,T5UP,T5UP,T04Z
3191/TAT/HO/12/2020|20092877|TJ1A,T9D8,TJ1A,T3S6,T9D8,TOV5,T3S6,TOV5,T8OU,T8OU,TOVJ,TOVJ,TQ0M,TQ0M,T04Z,T5UP,TXNH,T04Z,T5UP,TXNH
3191/TAT/HO/12/2020|20092878|T3S6,T9D8,TOV5,T3S6,TOV5,T8OU,T8OU,TOVJ,TOVJ,TQ0M,TQ0M,T04Z,T5UP,TXNH,T04Z,T5UP,TXNH,T9D8
3191/TAT/HO/12/2020|20092880|TOVJ,TOVJ,TQ0M,TQ0M,T04Z,T5UP,TXNH,T04Z,T5UP,TXNH,T9D8,T3S6,T9D8,TOV5,T3S6,TOV5,T8OU,T8OU
3191/TAT/HO/12/2020|20093051|T04Z,T5UP,TXNH,T04Z,T5UP,TXNH,T9D8,T3S6,T9D8,TOV5,T3S6,TOV5,T8OU,T8OU,TOVJ,TOVJ,TQ0M,TQ0M
3191/TAT/HO/12/2020|20093287|T04Z,T5UP,TXNH,T04Z,T5UP,TXNH,T9D8,T3S6,T9D8,TOV5,T3S6,TOV5,T8OU,T8OU,TOVJ,TOVJ,TQ0M,TQ0M
3191/TAT/HO/12/2020|20094570|TOV5,T3S6,TOV5,T8OU,T8OU,TOVJ,TOVJ,TQ0M,TQ0M,T04Z,T5UP,TXNH,T04Z,T5UP,TXNH,T9D8,T3S6,T9D8
3191/TAT/HO/12/2020|20099544|T9D8,T3S6,T9D8,TOV5,T3S6,TOV5,T8OU,T8OU,TOVJ,TOVJ,TQ0M,TQ0M,T5UP,TXNH,T04Z,T5UP,TXNH,T04Z
3191/TAT/HO/12/2020|20099545|TOV5,T3S6,TOV5,T8OU,T8OU,TOVJ,TOVJ,TQ0M,TQ0M,T5UP,TXNH,T04Z,T5UP,TXNH,T04Z,T9D8,T3S6,T9D8
3191/TAT/HO/12/2020|20101056|T04Z,T5UP,TXNH,T04Z,T5UP,TXNH,T9D8,T3S6,T9D8,T3S6,T8OU,T8OU,TOV5,TOVJ,TOV5,TOVJ,TQ0M,TQ0M
3191/TAT/HO/12/2020|20101151|TXNH,T04Z,T5UP,TXNH,T9D8,T3S6,T9D8,T3S6,T8OU,T8OU,TOV5,TOVJ,TOV5,TOVJ,TQ0M,TQ0M,T04Z,T5UP
3191/TAT/HO/12/2020|20101811|T9D8,T3S6,T9D8,T3S6,T8OU,T8OU,TOV5,TOVJ,TOV5,TOVJ,TQ0M,TQ0M,T04Z,T5UP,TXNH,T04Z,T5UP,TXNH
3191/TAT/HO/12/2020|20101812|T3S6,T9D8,T3S6,T8OU,T8OU,TOV5,TOVJ,TOV5,TOVJ,TQ0M,TQ0M,T04Z,T5UP,TXNH,T04Z,T5UP,TXNH,T9D8
3191/TAT/HO/12/2020|20102080|T8OU,T8OU,TOV5,TOVJ,TOV5,TOVJ,TQ0M,TQ0M,T04Z,T5UP,TXNH,T04Z,T5UP,TXNH,T9D8,T3S6,T9D8,T3S6
3191/TAT/HO/12/2020|20102730|TOV5,TOVJ,TOV5,TOVJ,TQ0M,TQ0M,T04Z,T5UP,TXNH,T04Z,T5UP,TXNH,T9D8,T3S6,T9D8,T3S6,T8OU,T8OU
3191/TAT/HO/12/2020|20102731|TQ0M,TQ0M,T04Z,T5UP,TXNH,T04Z,T5UP,TXNH,T9D8,T3S6,T9D8,T3S6,T8OU,T8OU,TOV5,TOVJ,TOV5,TOVJ
3191/TAT/HO/12/2020|20102824|T04Z,T5UP,TXNH,T04Z,T5UP,TXNH,T9D8,T3S6,T9D8,T3S6,T8OU,T8OU,TOV5,TOVJ,TOV5,TOVJ,TQ0M,TQ0M
3191/TAT/HO/12/2020|20102839|FMVY,TSJR,FMVY,TSJR,FMVY,TZ78,THO9,TZ66,TSJR,TZ78,THO9,F5G0,TZ78,THO9,F5G0,F5G0,TZ66,TYWR,TZ66,TYWR,TYWR,F9XD,FPIS,TG3F,F9XD,FPIS,TG3F,F9XD,FPIS,TNK9,FV4X,TG3F,TNK9,FV4X,TNK9,FV4X
3191/TAT/HO/12/2020|20102840|T04Z,T5UP,TXNH,T04Z,T5UP,TXNH,T9D8,T3S6,T9D8,T3S6,T8OU,T8OU,TOV5,TOVJ,TOV5,TOVJ,TQ0M,TQ0M
3191/TAT/HO/12/2020|20103700|TOV5,TOVJ,TOV5,TOVJ,TQ0M,TQ0M,T04Z,T5UP,TXNH,T04Z,T5UP,TXNH,T9D8,T3S6,T9D8,T3S6,T8OU,T8OU
3191/TAT/HO/12/2020|20105993|T04Z,T5UP,TXNH,T04Z,T5UP,TXNH,T9D8,T3S6,T9D8,T3S6,T8OU,T8OU,TOV5,TOVJ,TOV5,TOVJ,TQ0M,TQ0M
3191/TAT/HO/12/2020|20106233|T04Z,T5UP,TXNH,T04Z,T5UP,TXNH,T9D8,T3S6,T9D8,T3S6,T8OU,T8OU,TOV5,TOVJ,TOV5,TOVJ,TQ0M,TQ0M
3209/TAT/HO/12/2020|20099745|TZ55,TK4P,TBWQ,TQY2,TK2X,TFGT,TB0R,TZL6,TNKY,TZ11,T9KF,TSCS,TIEW,T3YQ,TA6I,TZ12,T04Z,TRUR,TZ00,TRIF,TR3J,T5MN,T2P6,TBY8,T69Z,T4PY,T3S1,T6U0,T11Z,T5GB,T5PR,TYL2,TVWG,TZU1
